,Symbol
0,AACG
1,AADI
2,AADR
3,AAL
4,AAME
5,AAOI
6,AAON
7,AAPB
8,AAPD
9,AAPL
10,AAPU
11,AAXJ
12,ABAT
13,ABCL
14,ABCS
15,ABEO
16,ABL
17,ABLLL
18,ABLLW
19,ABLV
20,ABLVW
21,ABNB
22,ABOS
23,ABP
24,ABPWW
25,ABSI
26,ABTS
27,ABUS
28,ABVC
29,ABVE
30,ABVEW
31,ABVX
32,ACAD
33,ACB
34,ACCD
35,ACDC
36,ACET
37,ACGL
38,ACGLN
39,ACGLO
40,ACHC
41,ACHL
42,ACHV
43,ACIC
44,ACIU
45,ACIW
46,ACLS
47,ACLX
48,ACMR
49,ACNB
50,ACNT
51,ACOG
52,ACON
53,ACONW
54,ACRS
55,ACRV
56,ACT
57,ACTG
58,ACTU
59,ACVA
60,ACWI
61,ACWX
62,ACXP
63,ADAG
64,ADAP
65,ADBE
66,ADD
67,ADEA
68,ADGM
69,ADI
70,ADIL
71,ADMA
72,ADN
73,ADNWW
74,ADP
75,ADPT
76,ADSE
77,ADSEW
78,ADSK
79,ADTN
80,ADTX
81,ADUR
82,ADUS
83,ADV
84,ADVM
85,ADVWW
86,ADXN
87,AEHL
88,AEHR
89,AEI
90,AEIS
91,AEMD
92,AENT
93,AENTW
94,AEP
95,AERT
96,AERTW
97,AEYE
98,AFBI
99,AFCG
100,AFJK
101,AFJKR
102,AFJKU
103,AFMD
104,AFRI
105,AFRIW
106,AFRM
107,AFYA
108,AGAE
109,AGEN
110,AGFY
111,AGIO
112,AGIX
113,AGMH
114,AGMI
115,AGNC
116,AGNCL
117,AGNCM
118,AGNCN
119,AGNCO
120,AGNCP
121,AGNG
122,AGRI
123,AGYS
124,AGZD
125,AHCO
126,AHG
127,AIA
128,AIEV
129,AIFF
130,AIFU
131,AIHS
132,AILE
133,AILEW
134,AIMAU
135,AIMAW
136,AIMBU
137,AIMD
138,AIMDW
139,AIOT
140,AIP
141,AIPI
142,AIQ
143,AIRE
144,AIRG
145,AIRJ
146,AIRJW
147,AIRL
148,AIRR
149,AIRS
150,AIRT
151,AIRTP
152,AISP
153,AISPW
154,AITR
155,AITRR
156,AITRU
157,AIXI
158,AKAM
159,AKAN
160,AKBA
161,AKRO
162,AKTX
163,AKYA
164,ALAB
165,ALAR
166,ALBT
167,ALCE
168,ALCO
169,ALCY
170,ALCYU
171,ALCYW
172,ALDF
173,ALDFU
174,ALDFW
175,ALDX
176,ALEC
177,ALF
178,ALFUU
179,ALFUW
180,ALGM
181,ALGN
182,ALGS
183,ALGT
184,ALHC
185,ALKS
186,ALKT
187,ALLK
188,ALLO
189,ALLR
190,ALLT
191,ALMS
192,ALNT
193,ALNY
194,ALOT
195,ALRM
196,ALRN
197,ALRS
198,ALT
199,ALTI
200,ALTO
201,ALTR
202,ALTS
203,ALTY
204,ALVO
205,ALVOW
206,ALVR
207,ALXO
208,ALZN
209,AMAL
210,AMAT
211,AMBA
212,AMCX
213,AMD
214,AMDL
215,AMDS
216,AMED
217,AMGN
218,AMID
219,AMIX
220,AMKR
221,AMLX
222,AMOD
223,AMODW
224,AMPG
225,AMPGW
226,AMPH
227,AMPL
228,AMRK
229,AMRN
230,AMRX
231,AMSC
232,AMSF
233,AMST
234,AMTX
235,AMWD
236,AMZD
237,AMZN
238,AMZU
239,AMZZ
240,ANAB
241,ANDE
242,ANEB
243,ANGH
244,ANGHW
245,ANGI
246,ANGL
247,ANGO
248,ANIK
249,ANIP
250,ANIX
251,ANL
252,ANNA
253,ANNAW
254,ANNX
255,ANSC
256,ANSCU
257,ANSCW
258,ANSS
259,ANTE
260,ANTX
261,ANY
262,AOHY
263,AOSL
264,AOTG
265,AOUT
266,APA
267,APCX
268,APCXW
269,APDN
270,APEI
271,APGE
272,API
273,APLD
274,APLM
275,APLMW
276,APLS
277,APLT
278,APM
279,APOG
280,APP
281,APPF
282,APPN
283,APPS
284,APRE
285,APTO
286,APVO
287,APWC
288,APYX
289,AQB
290,AQMS
291,AQST
292,AQU
293,AQUNR
294,AQUNU
295,AQWA
296,ARAY
297,ARBB
298,ARBE
299,ARBEW
300,ARBK
301,ARBKL
302,ARCB
303,ARCC
304,ARCT
305,ARDX
306,AREB
307,AREBW
308,AREC
309,ARGX
310,ARHS
311,ARKO
312,ARKOW
313,ARKR
314,ARLP
315,ARM
316,AROW
317,ARQ
318,ARQQ
319,ARQQW
320,ARQT
321,ARRY
322,ARTL
323,ARTNA
324,ARTV
325,ARTW
326,ARVN
327,ARVR
328,ARWR
329,ASET
330,ASLE
331,ASMB
332,ASML
333,ASND
334,ASNS
335,ASO
336,ASPCU
337,ASPI
338,ASPS
339,ASRT
340,ASRV
341,ASST
342,ASTC
343,ASTE
344,ASTH
345,ASTI
346,ASTL
347,ASTLW
348,ASTS
349,ASUR
350,ASYS
351,ATAI
352,ATAT
353,ATCOL
354,ATEC
355,ATER
356,ATEX
357,ATGL
358,ATHA
359,ATHE
360,ATLC
361,ATLCL
362,ATLCP
363,ATLCZ
364,ATLN
365,ATLO
366,ATLX
367,ATMC
368,ATMCR
369,ATMCU
370,ATMCW
371,ATMV
372,ATMVR
373,ATMVU
374,ATNF
375,ATNFW
376,ATNI
377,ATOM
378,ATOS
379,ATPC
380,ATRA
381,ATRC
382,ATRO
383,ATSG
384,ATXG
385,ATXI
386,ATXS
387,ATYR
388,AUBN
389,AUDC
390,AUID
391,AUMI
392,AUPH
393,AUR
394,AURA
395,AUROW
396,AUTL
397,AUUD
398,AUUDW
399,AVAH
400,AVAV
401,AVBP
402,AVDL
403,AVDX
404,AVGO
405,AVGR
406,AVGX
407,AVIR
408,AVL
409,AVNW
410,AVO
411,AVPT
412,AVPTW
413,AVR
414,AVS
415,AVT
416,AVTE
417,AVTX
418,AVXC
419,AVXL
420,AWH
421,AWRE
422,AXDX
423,AXGN
424,AXON
425,AXSM
426,AXTI
427,AYRO
428,AYTU
429,AZ
430,AZI
431,AZN
432,AZPN
433,AZTA
434,BABX
435,BACK
436,BACQ
437,BACQR
438,BACQU
439,BAER
440,BAERW
441,BAFE
442,BAFN
443,BAND
444,BANF
445,BANFP
446,BANL
447,BANR
448,BANX
449,BAOS
450,BASE
451,BATRA
452,BATRK
453,BAYA
454,BAYAR
455,BAYAU
456,BBCP
457,BBGI
458,BBH
459,BBIO
460,BBLG
461,BBLGW
462,BBSI
463,BCAB
464,BCAL
465,BCAN
466,BCAX
467,BCBP
468,BCDA
469,BCG
470,BCGWW
471,BCLI
472,BCML
473,BCOV
474,BCOW
475,BCPC
476,BCRX
477,BCTX
478,BCTXW
479,BCYC
480,BDGS
481,BDMD
482,BDMDW
483,BDRX
484,BDSX
485,BDTX
486,BEAG
487,BEAGR
488,BEAGU
489,BEAM
490,BEAT
491,BEATW
492,BECN
493,BEEM
494,BEEX
495,BEEZ
496,BELFA
497,BELFB
498,BELT
499,BENF
500,BENFW
501,BETR
502,BETRW
503,BFC
504,BFIN
505,BFRG
506,BFRGW
507,BFRI
508,BFRIW
509,BFST
510,BGC
511,BGFV
512,BGLC
513,BGM
514,BGNE
515,BGRN
516,BGRO
517,BHAT
518,BHF
519,BHFAL
520,BHFAM
521,BHFAN
522,BHFAO
523,BHFAP
524,BHIL
525,BHRB
526,BHST
527,BIAF
528,BIAFW
529,BIB
530,BIDU
531,BIGC
532,BIIB
533,BILI
534,BIOA
535,BIOX
536,BIRD
537,BIS
538,BITF
539,BITS
540,BIVI
541,BJDX
542,BJK
543,BJRI
544,BKCH
545,BKHA
546,BKHAR
547,BKHAU
548,BKIV
549,BKNG
550,BKR
551,BKWO
552,BKYI
553,BL
554,BLAC
555,BLACR
556,BLACU
557,BLACW
558,BLBD
559,BLBX
560,BLCN
561,BLCR
562,BLDE
563,BLDEW
564,BLDP
565,BLFS
566,BLFY
567,BLIN
568,BLKB
569,BLLD
570,BLMN
571,BLMZ
572,BLNK
573,BLRX
574,BLTE
575,BLUE
576,BLZE
577,BMBL
578,BMDL
579,BMEA
580,BMR
581,BMRA
582,BMRC
583,BMRN
584,BNAI
585,BNAIW
586,BND
587,BNDW
588,BNDX
589,BNGO
590,BNIX
591,BNIXR
592,BNIXW
593,BNR
594,BNRG
595,BNTC
596,BNTX
597,BNZI
598,BNZIW
599,BOF
600,BOKF
601,BOLD
602,BOLT
603,BON
604,BOOM
605,BOSC
606,BOTJ
607,BOTT
608,BOTZ
609,BOWN
610,BOWNR
611,BOWNU
612,BOXL
613,BPMC
614,BPOP
615,BPOPM
616,BPRN
617,BPTH
618,BPYPM
619,BPYPN
620,BPYPO
621,BPYPP
622,BRAC
623,BRACR
624,BRACU
625,BRAG
626,BREA
627,BRFH
628,BRHY
629,BRID
630,BRKD
631,BRKL
632,BRKR
633,BRKU
634,BRLS
635,BRLSW
636,BRLT
637,BRNS
638,BRNY
639,BROG
640,BRRR
641,BRTR
642,BRTX
643,BRY
644,BRZE
645,BSBK
646,BSCP
647,BSCQ
648,BSCR
649,BSCS
650,BSCT
651,BSCU
652,BSCV
653,BSCW
654,BSCX
655,BSCY
656,BSET
657,BSGM
658,BSII
659,BSIIU
660,BSIIW
661,BSJP
662,BSJQ
663,BSJR
664,BSJS
665,BSJT
666,BSJU
667,BSJV
668,BSJW
669,BSLK
670,BSLKW
671,BSMP
672,BSMQ
673,BSMR
674,BSMS
675,BSMT
676,BSMU
677,BSMV
678,BSMW
679,BSMY
680,BSRR
681,BSSX
682,BSVN
683,BSVO
684,BSY
685,BTAI
686,BTBD
687,BTBDW
688,BTBT
689,BTCS
690,BTCT
691,BTCTW
692,BTDR
693,BTF
694,BTFX
695,BTGD
696,BTM
697,BTMD
698,BTMWW
699,BTOC
700,BTOG
701,BTSG
702,BTSGU
703,BUFC
704,BUFI
705,BUFM
706,BUG
707,BUJA
708,BUJAR
709,BUJAU
710,BUJAW
711,BULD
712,BUSE
713,BVFL
714,BVS
715,BWAY
716,BWB
717,BWBBP
718,BWEN
719,BWFG
720,BWIN
721,BWMN
722,BYFC
723,BYND
724,BYNO
725,BYNOU
726,BYNOW
727,BYRN
728,BYSI
729,BZ
730,BZFD
731,BZFDW
732,BZUN
733,CA
734,CAAS
735,CABA
736,CAC
737,CACC
738,CADL
739,CAFG
740,CAKE
741,CALC
742,CALI
743,CALM
744,CAMP
745,CAMT
746,CAN
747,CANC
748,CANQ
749,CAPN
750,CAPNR
751,CAPNU
752,CAPR
753,CAPT
754,CAPTW
755,CAR
756,CARA
757,CARE
758,CARG
759,CARM
760,CART
761,CARV
762,CARY
763,CARZ
764,CASH
765,CASI
766,CASK
767,CASS
768,CASY
769,CATH
770,CATY
771,CBAT
772,CBFV
773,CBLL
774,CBNK
775,CBRL
776,CBSH
777,CBUS
778,CCAP
779,CCB
780,CCBG
781,CCCC
782,CCCS
783,CCD
784,CCEC
785,CCEP
786,CCG
787,CCGWW
788,CCIR
789,CCIRU
790,CCIRW
791,CCIX
792,CCIXU
793,CCIXW
794,CCLD
795,CCLDO
796,CCLDP
797,CCNE
798,CCNEP
799,CCNR
800,CCOI
801,CCRN
802,CCSB
803,CCSI
804,CCSO
805,CCTG
806,CDC
807,CDIO
808,CDIOW
809,CDL
810,CDLX
811,CDMO
812,CDNA
813,CDNS
814,CDRO
815,CDROW
816,CDT
817,CDTG
818,CDTTW
819,CDTX
820,CDW
821,CDXC
822,CDXS
823,CDZI
824,CDZIP
825,CEAD
826,CEADW
827,CECO
828,CEFA
829,CEG
830,CELC
831,CELH
832,CELU
833,CELUW
834,CELZ
835,CENN
836,CENT
837,CENTA
838,CENX
839,CEP
840,CEPI
841,CERO
842,CEROW
843,CERS
844,CERT
845,CETX
846,CETY
847,CEVA
848,CFA
849,CFB
850,CFBK
851,CFFI
852,CFFN
853,CFLT
854,CFO
855,CFSB
856,CG
857,CGABL
858,CGBD
859,CGBDL
860,CGBS
861,CGBSW
862,CGC
863,CGEM
864,CGEN
865,CGNT
866,CGNX
867,CGO
868,CGON
869,CGTL
870,CGTX
871,CHAR
872,CHARR
873,CHARU
874,CHCI
875,CHCO
876,CHDN
877,CHEF
878,CHEK
879,CHI
880,CHKP
881,CHMG
882,CHNR
883,CHPS
884,CHR
885,CHRD
886,CHRS
887,CHRW
888,CHSCL
889,CHSCM
890,CHSCN
891,CHSCO
892,CHSCP
893,CHSN
894,CHTR
895,CHW
896,CHX
897,CHY
898,CIBR
899,CIFR
900,CIFRW
901,CIGI
902,CIL
903,CINF
904,CING
905,CINGW
906,CISO
907,CISS
908,CITE
909,CITEU
910,CITEW
911,CIVB
912,CJET
913,CJJD
914,CKPT
915,CLAR
916,CLBK
917,CLBT
918,CLDX
919,CLEU
920,CLFD
921,CLGN
922,CLIK
923,CLIR
924,CLLS
925,CLMB
926,CLMT
927,CLNE
928,CLNN
929,CLNNW
930,CLOA
931,CLOD
932,CLOU
933,CLOV
934,CLPS
935,CLPT
936,CLRB
937,CLRC
938,CLRCR
939,CLRCU
940,CLRCW
941,CLRO
942,CLSD
943,CLSK
944,CLSKW
945,CLSM
946,CLST
947,CLWT
948,CLYM
949,CMBM
950,CMCO
951,CMCSA
952,CMCT
953,CME
954,CMLS
955,CMMB
956,CMND
957,CMPO
958,CMPOW
959,CMPR
960,CMPS
961,CMPX
962,CMRX
963,CMTL
964,CNCK
965,CNCKW
966,CNCR
967,CNDT
968,CNET
969,CNEY
970,CNFR
971,CNFRZ
972,CNOB
973,CNOBP
974,CNSP
975,CNTA
976,CNTB
977,CNTM
978,CNTX
979,CNTY
980,CNVS
981,CNXC
982,CNXN
983,COCH
984,COCHW
985,COCO
986,COCP
987,CODA
988,CODX
989,COEP
990,COEPW
991,COFS
992,COGT
993,COHU
994,COIN
995,COKE
996,COLB
997,COLL
998,COLM
999,COMM
1000,COMT
1001,CONI
1002,CONL
1003,COO
1004,COOP
1005,COOT
1006,COOTW
1007,COPJ
1008,COPP
1009,CORO
1010,CORT
1011,CORZ
1012,CORZW
1013,CORZZ
1014,COSM
1015,COST
1016,COWG
1017,COWS
1018,COYA
1019,CPB
1020,CPBI
1021,CPHC
1022,CPIX
1023,CPLS
1024,CPOP
1025,CPRT
1026,CPRX
1027,CPSH
1028,CPSS
1029,CPTN
1030,CPTNW
1031,CPZ
1032,CRAI
1033,CRBP
1034,CRBU
1035,CRCT
1036,CRDF
1037,CRDL
1038,CRDO
1039,CREG
1040,CRESW
1041,CRESY
1042,CREV
1043,CREVW
1044,CREX
1045,CRGO
1046,CRGOW
1047,CRGX
1048,CRIS
1049,CRKN
1050,CRMD
1051,CRML
1052,CRMLW
1053,CRMT
1054,CRNC
1055,CRNT
1056,CRNX
1057,CRON
1058,CROX
1059,CRSP
1060,CRSR
1061,CRTO
1062,CRUS
1063,CRVL
1064,CRVO
1065,CRVS
1066,CRWD
1067,CRWL
1068,CRWS
1069,CSA
1070,CSB
1071,CSBR
1072,CSCI
1073,CSCO
1074,CSF
1075,CSGP
1076,CSGS
1077,CSIQ
1078,CSLM
1079,CSLMR
1080,CSLMU
1081,CSLMW
1082,CSLR
1083,CSLRW
1084,CSPI
1085,CSQ
1086,CSTE
1087,CSTL
1088,CSWC
1089,CSWCZ
1090,CSWI
1091,CSX
1092,CTAS
1093,CTBI
1094,CTCX
1095,CTCXW
1096,CTEC
1097,CTHR
1098,CTKB
1099,CTLP
1100,CTMX
1101,CTNM
1102,CTNT
1103,CTOR
1104,CTRM
1105,CTRN
1106,CTSH
1107,CTSO
1108,CTXR
1109,CUB
1110,CUBA
1111,CUBWU
1112,CUBWW
1113,CUE
1114,CURI
1115,CURIW
1116,CURR
1117,CUTR
1118,CVAC
1119,CVBF
1120,CVCO
1121,CVGI
1122,CVGW
1123,CVKD
1124,CVLT
1125,CVRX
1126,CVV
1127,CWBC
1128,CWCO
1129,CWD
1130,CWST
1131,CXAI
1132,CXAIW
1133,CXDO
1134,CXSE
1135,CYBR
1136,CYCC
1137,CYCCP
1138,CYCN
1139,CYN
1140,CYRX
1141,CYTH
1142,CYTHW
1143,CYTK
1144,CZAR
1145,CZFS
1146,CZNC
1147,CZR
1148,CZWI
1149,DADA
1150,DAIO
1151,DAKT
1152,DALI
1153,DALN
1154,DAPP
1155,DARE
1156,DASH
1157,DATS
1158,DATSW
1159,DAVE
1160,DAVEW
1161,DAWN
1162,DAX
1163,DBVT
1164,DBX
1165,DCAP
1166,DCBO
1167,DCGO
1168,DCOM
1169,DCOMG
1170,DCOMP
1171,DCTH
1172,DDI
1173,DDIV
1174,DDOG
1175,DECA
1176,DECAU
1177,DECAW
1178,DECO
1179,DEMZ
1180,DENN
1181,DERM
1182,DEVS
1183,DFGP
1184,DFGX
1185,DFLI
1186,DFLIW
1187,DGCB
1188,DGHI
1189,DGICA
1190,DGICB
1191,DGII
1192,DGLY
1193,DGRE
1194,DGRS
1195,DGRW
1196,DH
1197,DHAI
1198,DHAIW
1199,DHC
1200,DHCNI
1201,DHCNL
1202,DHIL
1203,DIBS
1204,DIOD
1205,DIST
1206,DISTR
1207,DISTW
1208,DIVD
1209,DJCO
1210,DJT
1211,DJTWW
1212,DKNG
1213,DLHC
1214,DLO
1215,DLPN
1216,DLTH
1217,DLTR
1218,DMAC
1219,DMAT
1220,DMLP
1221,DMN
1222,DMRC
1223,DMXF
1224,DNLI
1225,DNTH
1226,DNUT
1227,DOCU
1228,DOGZ
1229,DOMH
1230,DOMO
1231,DOOO
1232,DORM
1233,DOX
1234,DOYU
1235,DPRO
1236,DRCT
1237,DRDBU
1238,DRIO
1239,DRIV
1240,DRMA
1241,DRMAW
1242,DRRX
1243,DRS
1244,DRTS
1245,DRTSW
1246,DRUG
1247,DRVN
1248,DSGN
1249,DSGR
1250,DSGX
1251,DSP
1252,DSWL
1253,DSY
1254,DSYWW
1255,DTCK
1256,DTCR
1257,DTI
1258,DTIL
1259,DTSQ
1260,DTSQR
1261,DTSQU
1262,DTSS
1263,DTST
1264,DTSTW
1265,DUKH
1266,DUKX
1267,DUO
1268,DUOL
1269,DUOT
1270,DVAL
1271,DVAX
1272,DVLU
1273,DVOL
1274,DVQQ
1275,DVSP
1276,DVY
1277,DWAS
1278,DWAW
1279,DWSH
1280,DWSN
1281,DWTX
1282,DWUS
1283,DXCM
1284,DXJS
1285,DXLG
1286,DXPE
1287,DXR
1288,DYAI
1289,DYCQ
1290,DYCQR
1291,DYCQU
1292,DYFI
1293,DYN
1294,DYNI
1295,DYNX
1296,DYNXU
1297,DYNXW
1298,DYTA
1299,EA
1300,EAST
1301,EBAY
1302,EBC
1303,EBIZ
1304,EBMT
1305,EBON
1306,EBTC
1307,ECBK
1308,ECDA
1309,ECDAW
1310,ECOR
1311,ECOW
1312,ECPG
1313,ECX
1314,ECXWW
1315,EDAP
1316,EDBL
1317,EDBLW
1318,EDIT
1319,EDOC
1320,EDRY
1321,EDSA
1322,EDTK
1323,EDUC
1324,EEFT
1325,EEIQ
1326,EEMA
1327,EFAS
1328,EFOI
1329,EFRA
1330,EFSC
1331,EFSCP
1332,EGAN
1333,EGBN
1334,EGGQ
1335,EGHT
1336,EH
1337,EHGO
1338,EHLS
1339,EHTH
1340,EJH
1341,EKG
1342,EKSO
1343,ELAB
1344,ELBM
1345,ELDN
1346,ELEV
1347,ELPW
1348,ELSE
1349,ELTK
1350,ELTX
1351,ELUT
1352,ELVA
1353,ELVN
1354,ELWS
1355,EM
1356,EMB
1357,EMBC
1358,EMCB
1359,EMCG
1360,EMCGR
1361,EMCGU
1362,EMCGW
1363,EMEQ
1364,EMIF
1365,EMKR
1366,EML
1367,EMXC
1368,EMXF
1369,ENGN
1370,ENGNW
1371,ENLT
1372,ENLV
1373,ENPH
1374,ENSC
1375,ENSG
1376,ENTA
1377,ENTG
1378,ENTO
1379,ENTX
1380,ENVB
1381,ENVX
1382,ENZL
1383,EOLS
1384,EOSE
1385,EOSEW
1386,EPIX
1387,EPOW
1388,EPRX
1389,EPSN
1390,EQ
1391,EQIX
1392,EQRR
1393,ERAS
1394,ERET
1395,ERIC
1396,ERIE
1397,ERII
1398,ERNA
1399,ERNZ
1400,ESCA
1401,ESEA
1402,ESGD
1403,ESGE
1404,ESGL
1405,ESGLW
1406,ESGR
1407,ESGRO
1408,ESGRP
1409,ESGU
1410,ESHA
1411,ESHAR
1412,ESLA
1413,ESLAW
1414,ESLT
1415,ESMV
1416,ESN
1417,ESOA
1418,ESPO
1419,ESPR
1420,ESQ
1421,ESSA
1422,ESTA
1423,ETEC
1424,ETHA
1425,ETNB
1426,ETON
1427,ETSY
1428,EU
1429,EUDA
1430,EUDAW
1431,EUFN
1432,EURK
1433,EURKR
1434,EURKU
1435,EVAX
1436,EVCM
1437,EVER
1438,EVGN
1439,EVGO
1440,EVGOW
1441,EVGR
1442,EVGRU
1443,EVGRW
1444,EVLV
1445,EVLVW
1446,EVMT
1447,EVO
1448,EVOK
1449,EVRG
1450,EVSD
1451,EVTV
1452,EWBC
1453,EWCZ
1454,EWJV
1455,EWTX
1456,EWZS
1457,EXAS
1458,EXC
1459,EXE
1460,EXEEL
1461,EXEEW
1462,EXEEZ
1463,EXEL
1464,EXFY
1465,EXLS
1466,EXPE
1467,EXPI
1468,EXPO
1469,EXTR
1470,EYE
1471,EYEG
1472,EYEN
1473,EYPT
1474,EZFL
1475,EZGO
1476,EZPW
1477,FA
1478,FAAR
1479,FAAS
1480,FAASW
1481,FAB
1482,FACT
1483,FACTU
1484,FACTW
1485,FAD
1486,FALN
1487,FAMI
1488,FANG
1489,FARM
1490,FARO
1491,FAST
1492,FAT
1493,FATBB
1494,FATBP
1495,FATBW
1496,FATE
1497,FBIO
1498,FBIOP
1499,FBIZ
1500,FBL
1501,FBLA
1502,FBLG
1503,FBNC
1504,FBOT
1505,FBRX
1506,FBYD
1507,FBYDW
1508,FBZ
1509,FCA
1510,FCAL
1511,FCAP
1512,FCBC
1513,FCCO
1514,FCEF
1515,FCEL
1516,FCFS
1517,FCNCA
1518,FCNCO
1519,FCNCP
1520,FCTE
1521,FCUV
1522,FCVT
1523,FDBC
1524,FDCF
1525,FDFF
1526,FDIF
1527,FDIG
1528,FDIV
1529,FDMT
1530,FDNI
1531,FDSB
1532,FDT
1533,FDTS
1534,FDTX
1535,FDUS
1536,FEAM
1537,FEAT
1538,FEBO
1539,FEIM
1540,FELE
1541,FEM
1542,FEMB
1543,FEMS
1544,FEMY
1545,FENC
1546,FEP
1547,FEPI
1548,FER
1549,FEUZ
1550,FEX
1551,FFBC
1552,FFIC
1553,FFIE
1554,FFIEW
1555,FFIN
1556,FFIV
1557,FFNW
1558,FGBI
1559,FGBIP
1560,FGEN
1561,FGF
1562,FGFPP
1563,FGI
1564,FGIWW
1565,FGL
1566,FGM
1567,FHB
1568,FHTX
1569,FIBK
1570,FICS
1571,FID
1572,FINE
1573,FINW
1574,FINX
1575,FIP
1576,FISI
1577,FITB
1578,FITBI
1579,FITBO
1580,FITBP
1581,FIVE
1582,FIVN
1583,FIVY
1584,FIXD
1585,FIZZ
1586,FJP
1587,FKU
1588,FKWL
1589,FLDB
1590,FLEX
1591,FLGC
1592,FLGT
1593,FLIC
1594,FLL
1595,FLN
1596,FLNC
1597,FLNT
1598,FLUX
1599,FLWS
1600,FLX
1601,FLXS
1602,FLYE
1603,FLYW
1604,FMAO
1605,FMB
1606,FMBH
1607,FMED
1608,FMET
1609,FMHI
1610,FMNB
1611,FMST
1612,FMSTW
1613,FNGR
1614,FNK
1615,FNKO
1616,FNLC
1617,FNWB
1618,FNWD
1619,FNX
1620,FNY
1621,FOLD
1622,FONR
1623,FORA
1624,FORD
1625,FORL
1626,FORLU
1627,FORLW
1628,FORM
1629,FORR
1630,FORTY
1631,FOSL
1632,FOSLL
1633,FOX
1634,FOXA
1635,FOXF
1636,FOXX
1637,FOXXW
1638,FPA
1639,FPAY
1640,FPXE
1641,FPXI
1642,FRAF
1643,FRBA
1644,FRGT
1645,FRHC
1646,FRME
1647,FRMEP
1648,FROG
1649,FRPH
1650,FRPT
1651,FRSH
1652,FRST
1653,FRSX
1654,FSBC
1655,FSBW
1656,FSCS
1657,FSEA
1658,FSFG
1659,FSGS
1660,FSHP
1661,FSHPR
1662,FSHPU
1663,FSLR
1664,FSTR
1665,FSUN
1666,FSV
1667,FSZ
1668,FTA
1669,FTAG
1670,FTAI
1671,FTAIM
1672,FTAIN
1673,FTAIO
1674,FTC
1675,FTCI
1676,FTCS
1677,FTDR
1678,FTDS
1679,FTEK
1680,FTEL
1681,FTFT
1682,FTGC
1683,FTGS
1684,FTHI
1685,FTHM
1686,FTII
1687,FTIIU
1688,FTIIW
1689,FTLF
1690,FTNT
1691,FTQI
1692,FTRE
1693,FTRI
1694,FTSL
1695,FTSM
1696,FTXG
1697,FTXH
1698,FTXL
1699,FTXN
1700,FTXO
1701,FTXR
1702,FUFU
1703,FUFUW
1704,FULC
1705,FULT
1706,FULTP
1707,FUNC
1708,FUND
1709,FUSB
1710,FUTU
1711,FV
1712,FVC
1713,FVCB
1714,FVN
1715,FVNNR
1716,FVNNU
1717,FWONA
1718,FWONK
1719,FWRD
1720,FWRG
1721,FXNC
1722,FYBR
1723,FYC
1724,FYT
1725,FYX
1726,GABC
1727,GAIA
1728,GAIN
1729,GAINI
1730,GAINL
1731,GAINN
1732,GAINZ
1733,GALT
1734,GAMB
1735,GAME
1736,GAN
1737,GANX
1738,GASS
1739,GATE
1740,GATEU
1741,GATEW
1742,GAUZ
1743,GBBK
1744,GBBKR
1745,GBBKW
1746,GBDC
1747,GBIO
1748,GCBC
1749,GCMG
1750,GCMGW
1751,GCT
1752,GCTK
1753,GDC
1754,GDEN
1755,GDEV
1756,GDEVW
1757,GDHG
1758,GDRX
1759,GDS
1760,GDST
1761,GDSTR
1762,GDSTU
1763,GDSTW
1764,GDTC
1765,GDYN
1766,GECC
1767,GECCH
1768,GECCI
1769,GECCO
1770,GECCZ
1771,GEG
1772,GEGGL
1773,GEHC
1774,GELS
1775,GEN
1776,GENK
1777,GEOS
1778,GERN
1779,GEVO
1780,GFAI
1781,GFAIW
1782,GFGF
1783,GFLW
1784,GFS
1785,GGAL
1786,GGLL
1787,GGLS
1788,GGR
1789,GGROW
1790,GH
1791,GHRS
1792,GIFI
1793,GIFT
1794,GIG
1795,GIGGU
1796,GIGGW
1797,GIGM
1798,GIII
1799,GILD
1800,GILT
1801,GINX
1802,GIPR
1803,GIPRW
1804,GITS
1805,GLAC
1806,GLACR
1807,GLACU
1808,GLAD
1809,GLADZ
1810,GLBE
1811,GLBS
1812,GLBZ
1813,GLDD
1814,GLDI
1815,GLE
1816,GLMD
1817,GLNG
1818,GLOW
1819,GLPG
1820,GLPI
1821,GLRE
1822,GLSI
1823,GLST
1824,GLSTR
1825,GLSTU
1826,GLSTW
1827,GLTO
1828,GLUE
1829,GLXG
1830,GLYC
1831,GMAB
1832,GMGI
1833,GMM
1834,GNFT
1835,GNLN
1836,GNLX
1837,GNMA
1838,GNOM
1839,GNPX
1840,GNSS
1841,GNTA
1842,GNTX
1843,GO
1844,GOCO
1845,GODN
1846,GODNR
1847,GODNU
1848,GOEV
1849,GOEVW
1850,GOGL
1851,GOGO
1852,GOOD
1853,GOODN
1854,GOODO
1855,GOOG
1856,GOOGL
1857,GORV
1858,GOSS
1859,GOVI
1860,GOVX
1861,GOVXW
1862,GP
1863,GPAT
1864,GPATU
1865,GPATW
1866,GPCR
1867,GPIQ
1868,GPIX
1869,GPRE
1870,GPRF
1871,GPRO
1872,GQQQ
1873,GRAB
1874,GRABW
1875,GRAL
1876,GRCE
1877,GREE
1878,GREEL
1879,GRFS
1880,GRI
1881,GRID
1882,GRNQ
1883,GROW
1884,GRPN
1885,GRRR
1886,GRRRW
1887,GRVY
1888,GRWG
1889,GRYP
1890,GSBC
1891,GSHD
1892,GSIB
1893,GSIT
1894,GSIW
1895,GSM
1896,GSMGW
1897,GSRT
1898,GSRTR
1899,GSRTU
1900,GSUN
1901,GT
1902,GTBP
1903,GTEC
1904,GTI
1905,GTIM
1906,GTLB
1907,GTR
1908,GTX
1909,GURE
1910,GUTS
1911,GV
1912,GVH
1913,GWAV
1914,GWRS
1915,GXAI
1916,GXTG
1917,GYRE
1918,GYRO
1919,HAFC
1920,HAIN
1921,HALO
1922,HAO
1923,HAS
1924,HBAN
1925,HBANL
1926,HBANM
1927,HBANP
1928,HBCP
1929,HBIO
1930,HBNC
1931,HBT
1932,HCAT
1933,HCKT
1934,HCM
1935,HCOW
1936,HCP
1937,HCSG
1938,HCTI
1939,HCVI
1940,HCVIU
1941,HCVIW
1942,HCWB
1943,HDL
1944,HDSN
1945,HEAR
1946,HECO
1947,HEES
1948,HEJD
1949,HELE
1950,HEPA
1951,HEPS
1952,HERD
1953,HERO
1954,HFBL
1955,HFFG
1956,HFSP
1957,HFWA
1958,HGBL
1959,HHS
1960,HIDE
1961,HIFS
1962,HIHO
1963,HIMX
1964,HISF
1965,HIT
1966,HITI
1967,HIVE
1968,HKIT
1969,HLAL
1970,HLIT
1971,HLMN
1972,HLNE
1973,HLP
1974,HLVX
1975,HLXB
1976,HMST
1977,HNDL
1978,HNNA
1979,HNNAZ
1980,HNRG
1981,HNST
1982,HNVR
1983,HOFT
1984,HOFV
1985,HOFVW
1986,HOLO
1987,HOLOW
1988,HOLX
1989,HON
1990,HOND
1991,HONDU
1992,HONDW
1993,HONE
1994,HOOD
1995,HOOK
1996,HOPE
1997,HOTH
1998,HOUR
1999,HOVNP
2000,HOVR
2001,HOVRW
2002,HOWL
2003,HPAI
2004,HPAIW
2005,HPH
2006,HPK
2007,HPKEW
2008,HQGO
2009,HQI
2010,HQY
2011,HRMY
2012,HROW
2013,HROWL
2014,HROWM
2015,HRTS
2016,HRTX
2017,HRZN
2018,HSAI
2019,HSCS
2020,HSCSW
2021,HSDT
2022,HSIC
2023,HSII
2024,HSON
2025,HSPO
2026,HSPOR
2027,HSPOU
2028,HSPOW
2029,HSPTU
2030,HST
2031,HSTM
2032,HTBI
2033,HTBK
2034,HTCO
2035,HTCR
2036,HTHT
2037,HTIA
2038,HTIBP
2039,HTLD
2040,HTLF
2041,HTLFP
2042,HTLM
2043,HTOO
2044,HTOOW
2045,HTZ
2046,HTZWW
2047,HUBC
2048,HUBCW
2049,HUBCZ
2050,HUBG
2051,HUDA
2052,HUDAR
2053,HUDAU
2054,HUDI
2055,HUHU
2056,HUIZ
2057,HUMA
2058,HUMAW
2059,HURA
2060,HURC
2061,HURN
2062,HUT
2063,HWAY
2064,HWBK
2065,HWC
2066,HWCPZ
2067,HWH
2068,HWKN
2069,HYBI
2070,HYDR
2071,HYFM
2072,HYLS
2073,HYMC
2074,HYMCL
2075,HYMCW
2076,HYPR
2077,HYXF
2078,HYZD
2079,HYZN
2080,HYZNW
2081,IAC
2082,IART
2083,IAS
2084,IBAC
2085,IBACR
2086,IBAT
2087,IBB
2088,IBBQ
2089,IBCP
2090,IBEX
2091,IBG
2092,IBGA
2093,IBGK
2094,IBIT
2095,IBKR
2096,IBOC
2097,IBOT
2098,IBRX
2099,IBTF
2100,IBTG
2101,IBTH
2102,IBTI
2103,IBTJ
2104,IBTK
2105,IBTL
2106,IBTM
2107,IBTO
2108,IBTP
2109,IBTX
2110,ICAD
2111,ICCC
2112,ICCH
2113,ICCM
2114,ICCT
2115,ICFI
2116,ICG
2117,ICHR
2118,ICLK
2119,ICLN
2120,ICLR
2121,ICMB
2122,ICON
2123,ICOP
2124,ICU
2125,ICUCW
2126,ICUI
2127,IDAI
2128,IDCC
2129,IDN
2130,IDXX
2131,IDYA
2132,IEF
2133,IEI
2134,IEP
2135,IESC
2136,IEUS
2137,IFBD
2138,IFGL
2139,IFRX
2140,IFV
2141,IGF
2142,IGIB
2143,IGIC
2144,IGMS
2145,IGOV
2146,IGSB
2147,IHRT
2148,IHYF
2149,III
2150,IIIV
2151,IINN
2152,IINNW
2153,IJT
2154,IKNA
2155,IKT
2156,ILAG
2157,ILIT
2158,ILLR
2159,ILLRW
2160,ILMN
2161,ILPT
2162,IMAB
2163,IMCC
2164,IMCR
2165,IMCV
2166,IMG
2167,IMKTA
2168,IMMP
2169,IMMR
2170,IMMX
2171,IMNM
2172,IMNN
2173,IMOM
2174,IMOS
2175,IMPP
2176,IMPPP
2177,IMRN
2178,IMRX
2179,IMTE
2180,IMTX
2181,IMTXW
2182,IMUX
2183,IMVT
2184,IMXI
2185,INAB
2186,INBK
2187,INBKZ
2188,INBS
2189,INBX
2190,INCR
2191,INCY
2192,INDB
2193,INDH
2194,INDI
2195,INDP
2196,INDV
2197,INDY
2198,INFN
2199,INFR
2200,INGN
2201,INHD
2202,INKT
2203,INM
2204,INMB
2205,INMD
2206,INNV
2207,INO
2208,INOD
2209,INRO
2210,INSE
2211,INSG
2212,INSM
2213,INTA
2214,INTC
2215,INTG
2216,INTJ
2217,INTR
2218,INTS
2219,INTU
2220,INTZ
2221,INV
2222,INVA
2223,INVE
2224,INVZ
2225,INVZW
2226,INZY
2227,IOBT
2228,IONR
2229,IONS
2230,IOSP
2231,IOVA
2232,IPA
2233,IPAR
2234,IPDN
2235,IPGP
2236,IPHA
2237,IPKW
2238,IPSC
2239,IPW
2240,IPWR
2241,IPX
2242,IPXX
2243,IPXXU
2244,IPXXW
2245,IQ
2246,IQQQ
2247,IRBT
2248,IRD
2249,IRDM
2250,IREN
2251,IRIX
2252,IRMD
2253,IROH
2254,IROHR
2255,IROHU
2256,IROHW
2257,IRON
2258,IROQ
2259,IRTC
2260,IRWD
2261,ISHG
2262,ISHP
2263,ISPC
2264,ISPO
2265,ISPOW
2266,ISPR
2267,ISRG
2268,ISRL
2269,ISRLU
2270,ISRLW
2271,ISSC
2272,ISTB
2273,ISTR
2274,ITCI
2275,ITIC
2276,ITOS
2277,ITRI
2278,ITRM
2279,ITRN
2280,IUS
2281,IUSB
2282,IUSG
2283,IUSV
2284,IVA
2285,IVAC
2286,IVAL
2287,IVCA
2288,IVCAU
2289,IVCAW
2290,IVDA
2291,IVDAW
2292,IVEG
2293,IVP
2294,IVVD
2295,IWTR
2296,IXHL
2297,IXUS
2298,IZEA
2299,IZM
2300,IZTC
2301,JACK
2302,JAGX
2303,JAKK
2304,JAMF
2305,JANX
2306,JAZZ
2307,JBDI
2308,JBHT
2309,JBLU
2310,JBSS
2311,JCSE
2312,JCTC
2313,JD
2314,JDOC
2315,JDZG
2316,JEPQ
2317,JFBR
2318,JFBRW
2319,JFIN
2320,JFU
2321,JG
2322,JGLO
2323,JIVE
2324,JJSF
2325,JKHY
2326,JL
2327,JMID
2328,JMSB
2329,JNVR
2330,JOUT
2331,JPEF
2332,JRSH
2333,JRVR
2334,JSM
2335,JSMD
2336,JSML
2337,JSPR
2338,JSPRW
2339,JTAI
2340,JTEK
2341,JUNE
2342,JUNS
2343,JVA
2344,JVSA
2345,JVSAR
2346,JVSAU
2347,JWEL
2348,JXG
2349,JYD
2350,JYNT
2351,JZ
2352,JZXN
2353,KALA
2354,KALU
2355,KALV
2356,KARO
2357,KAVL
2358,KBWB
2359,KBWD
2360,KBWP
2361,KBWR
2362,KBWY
2363,KC
2364,KDLY
2365,KDLYW
2366,KDP
2367,KE
2368,KEAT
2369,KELYA
2370,KELYB
2371,KEQU
2372,KFFB
2373,KGEI
2374,KHC
2375,KIDS
2376,KINS
2377,KIRK
2378,KITT
2379,KITTW
2380,KLAC
2381,KLIC
2382,KLTO
2383,KLTOW
2384,KLTR
2385,KLXE
2386,KMDA
2387,KNDI
2388,KNGZ
2389,KNSA
2390,KOD
2391,KOPN
2392,KOSS
2393,KPLT
2394,KPLTW
2395,KPRX
2396,KPTI
2397,KQQQ
2398,KRKR
2399,KRMA
2400,KRMD
2401,KRNT
2402,KRNY
2403,KRON
2404,KROP
2405,KROS
2406,KRRO
2407,KRT
2408,KRUS
2409,KRYS
2410,KSCP
2411,KSPI
2412,KTCC
2413,KTOS
2414,KTTA
2415,KTTAW
2416,KURA
2417,KVAC
2418,KVACU
2419,KVACW
2420,KVHI
2421,KWE
2422,KWESW
2423,KXIN
2424,KYMR
2425,KYTX
2426,KZIA
2427,KZR
2428,LAB
2429,LAES
2430,LAKE
2431,LAMR
2432,LANC
2433,LAND
2434,LANDM
2435,LANDO
2436,LANDP
2437,LARK
2438,LASE
2439,LASR
2440,LATG
2441,LATGU
2442,LAUR
2443,LAZR
2444,LBGJ
2445,LBRDA
2446,LBRDK
2447,LBRDP
2448,LBTYA
2449,LBTYB
2450,LBTYK
2451,LCDS
2452,LCFY
2453,LCFYW
2454,LCID
2455,LCNB
2456,LCUT
2457,LDEM
2458,LDSF
2459,LDTC
2460,LDTCW
2461,LDWY
2462,LE
2463,LECO
2464,LEDS
2465,LEE
2466,LEGH
2467,LEGN
2468,LEGR
2469,LENZ
2470,LESL
2471,LEXI
2472,LEXX
2473,LEXXW
2474,LFCR
2475,LFLY
2476,LFLYW
2477,LFMD
2478,LFMDP
2479,LFSC
2480,LFST
2481,LFUS
2482,LFVN
2483,LFWD
2484,LGCB
2485,LGCL
2486,LGHL
2487,LGHLW
2488,LGIH
2489,LGMK
2490,LGND
2491,LGO
2492,LGRO
2493,LGTY
2494,LGVN
2495,LI
2496,LICN
2497,LIDR
2498,LIDRW
2499,LIEN
2500,LIF
2501,LILA
2502,LILAK
2503,LIN
2504,LINC
2505,LIND
2506,LINE
2507,LINK
2508,LION
2509,LIPO
2510,LIQT
2511,LITE
2512,LITM
2513,LITP
2514,LIVE
2515,LIVN
2516,LIVR
2517,LIXT
2518,LIXTW
2519,LKCO
2520,LKFN
2521,LKQ
2522,LLYVA
2523,LLYVK
2524,LMAT
2525,LMB
2526,LMBS
2527,LMFA
2528,LMNR
2529,LNKB
2530,LNKS
2531,LNSR
2532,LNT
2533,LNTH
2534,LNW
2535,LNZA
2536,LNZAW
2537,LOAN
2538,LOBO
2539,LOCO
2540,LOGC
2541,LOGI
2542,LOOP
2543,LOPE
2544,LOT
2545,LOTWW
2546,LOVE
2547,LPAA
2548,LPAAU
2549,LPAAW
2550,LPBB
2551,LPBBU
2552,LPBBW
2553,LPCN
2554,LPLA
2555,LPRO
2556,LPSN
2557,LPTH
2558,LPTX
2559,LQDA
2560,LQDT
2561,LRCX
2562,LRE
2563,LRFC
2564,LRGE
2565,LRHC
2566,LRMR
2567,LRND
2568,LSAK
2569,LSB
2570,LSBK
2571,LSBPW
2572,LSCC
2573,LSE
2574,LSEA
2575,LSEAW
2576,LSH
2577,LSTA
2578,LSTR
2579,LTBR
2580,LTRN
2581,LTRX
2582,LTRY
2583,LTRYW
2584,LUCD
2585,LUCY
2586,LUCYW
2587,LULU
2588,LUNA
2589,LUNG
2590,LUNR
2591,LUNRW
2592,LUXH
2593,LUXHP
2594,LVHD
2595,LVLU
2596,LVO
2597,LVRO
2598,LVROW
2599,LVTX
2600,LWAY
2601,LWLG
2602,LX
2603,LXEH
2604,LXEO
2605,LXRX
2606,LYEL
2607,LYFT
2608,LYRA
2609,LYT
2610,LYTS
2611,LZ
2612,MACI
2613,MACIU
2614,MACIW
2615,MAGS
2616,MAGX
2617,MAMA
2618,MAMO
2619,MANH
2620,MAPS
2621,MAPSW
2622,MAR
2623,MARA
2624,MARPS
2625,MARX
2626,MARXR
2627,MARXU
2628,MASI
2629,MASS
2630,MAT
2631,MATH
2632,MATW
2633,MAXI
2634,MAXN
2635,MAYS
2636,MBAV
2637,MBAVU
2638,MBAVW
2639,MBB
2640,MBCN
2641,MBIN
2642,MBINL
2643,MBINM
2644,MBINN
2645,MBINO
2646,MBIO
2647,MBLY
2648,MBNKP
2649,MBOT
2650,MBRX
2651,MBS
2652,MBUU
2653,MBWM
2654,MBX
2655,MCBS
2656,MCDS
2657,MCFT
2658,MCHI
2659,MCHP
2660,MCHS
2661,MCHX
2662,MCRB
2663,MCRI
2664,MCSE
2665,MCVT
2666,MDAI
2667,MDAIW
2668,MDB
2669,MDBH
2670,MDCP
2671,MDCX
2672,MDCXW
2673,MDGL
2674,MDIA
2675,MDIV
2676,MDLZ
2677,MDRR
2678,MDRRP
2679,MDWD
2680,MDXG
2681,MDXH
2682,ME
2683,MEDP
2684,MEDX
2685,MEGL
2686,MEIP
2687,MELI
2688,MEMS
2689,MEOH
2690,MERC
2691,MESA
2692,MESO
2693,META
2694,METC
2695,METCB
2696,METCL
2697,METCZ
2698,METD
2699,METU
2700,MFH
2701,MFI
2702,MFIC
2703,MFICL
2704,MFIN
2705,MFLX
2706,MGEE
2707,MGIC
2708,MGIH
2709,MGNI
2710,MGNX
2711,MGOL
2712,MGPI
2713,MGRC
2714,MGRM
2715,MGRX
2716,MGTX
2717,MGX
2718,MGYR
2719,MHLD
2720,MHUA
2721,MIDD
2722,MIGI
2723,MILN
2724,MIND
2725,MIRA
2726,MIRM
2727,MIST
2728,MITK
2729,MKAM
2730,MKDW
2731,MKDWW
2732,MKSI
2733,MKTW
2734,MKTX
2735,MKZR
2736,MLAB
2737,MLACU
2738,MLCO
2739,MLEC
2740,MLECW
2741,MLGO
2742,MLKN
2743,MLTX
2744,MLYS
2745,MMLP
2746,MMSI
2747,MMV
2748,MMVWW
2749,MMYT
2750,MNDO
2751,MNDR
2752,MNDY
2753,MNKD
2754,MNMD
2755,MNOV
2756,MNPR
2757,MNRO
2758,MNSB
2759,MNSBP
2760,MNST
2761,MNTK
2762,MNTL
2763,MNTS
2764,MNTSW
2765,MNTX
2766,MNY
2767,MNYWW
2768,MOB
2769,MOBBW
2770,MOBX
2771,MOBXW
2772,MODD
2773,MODL
2774,MODV
2775,MOFG
2776,MOGO
2777,MOLN
2778,MOMO
2779,MOOD
2780,MORN
2781,MOVE
2782,MPAA
2783,MPB
2784,MPWR
2785,MQ
2786,MQQQ
2787,MRAM
2788,MRBK
2789,MRCC
2790,MRCY
2791,MREO
2792,MRIN
2793,MRKR
2794,MRM
2795,MRNA
2796,MRNO
2797,MRNOW
2798,MRNS
2799,MRSN
2800,MRTN
2801,MRUS
2802,MRVI
2803,MRVL
2804,MRX
2805,MSAI
2806,MSAIW
2807,MSBI
2808,MSBIP
2809,MSEX
2810,MSFD
2811,MSFL
2812,MSFT
2813,MSFU
2814,MSGM
2815,MSPR
2816,MSPRW
2817,MSPRZ
2818,MSS
2819,MSSA
2820,MSSAR
2821,MSSAU
2822,MSSAW
2823,MSTR
2824,MSTX
2825,MSW
2826,MTC
2827,MTCH
2828,MTEK
2829,MTEKW
2830,MTEN
2831,MTEX
2832,MTLS
2833,MTRX
2834,MTSI
2835,MTTR
2836,MTVA
2837,MU
2838,MUD
2839,MULL
2840,MULN
2841,MURA
2842,MUU
2843,MVBF
2844,MVIS
2845,MVST
2846,MVSTW
2847,MXCT
2848,MXL
2849,MYCF
2850,MYCG
2851,MYCH
2852,MYCI
2853,MYCJ
2854,MYCK
2855,MYCL
2856,MYCM
2857,MYCN
2858,MYFW
2859,MYGN
2860,MYMF
2861,MYMG
2862,MYMH
2863,MYMI
2864,MYMJ
2865,MYNA
2866,MYNZ
2867,MYPS
2868,MYPSW
2869,MYRG
2870,MYSZ
2871,
2872,NAAS
2873,NAII
2874,NAMI
2875,NAMS
2876,NAMSW
2877,NAOV
2878,NARI
2879,NATH
2880,NATO
2881,NATR
2882,NAUT
2883,NAVI
2884,NAYA
2885,NB
2886,NBBK
2887,NBIS
2888,NBIX
2889,NBN
2890,NBTB
2891,NBTX
2892,NCEW
2893,NCI
2894,NCMI
2895,NCNA
2896,NCNO
2897,NCPB
2898,NCPL
2899,NCPLW
2900,NCRA
2901,NCSM
2902,NCTY
2903,NDAA
2904,NDAQ
2905,NDLS
2906,NDRA
2907,NDSN
2908,NECB
2909,NEGG
2910,NEHC
2911,NEHCW
2912,NEO
2913,NEOG
2914,NEON
2915,NEOV
2916,NEOVW
2917,NEPH
2918,NERD
2919,NERV
2920,NESR
2921,NESRW
2922,NETD
2923,NETDU
2924,NETDW
2925,NEUP
2926,NEWT
2927,NEWTG
2928,NEWTH
2929,NEWTI
2930,NEWTZ
2931,NEWZ
2932,NEXN
2933,NEXT
2934,NFBK
2935,NFE
2936,NFLX
2937,NFTY
2938,NFXL
2939,NFXS
2940,NGNE
2941,NHTC
2942,NICE
2943,NIKL
2944,NIOBW
2945,NIPG
2946,NISN
2947,NITO
2948,NIU
2949,NIVF
2950,NIVFW
2951,NIXT
2952,NIXX
2953,NIXXW
2954,NKGN
2955,NKGNW
2956,NKLA
2957,NKSH
2958,NKTR
2959,NKTX
2960,NLSP
2961,NLSPW
2962,NMFC
2963,NMFCZ
2964,NMHI
2965,NMHIW
2966,NMIH
2967,NMRA
2968,NMRK
2969,NMTC
2970,NN
2971,NNAVW
2972,NNBR
2973,NNDM
2974,NNE
2975,NNOX
2976,NODK
2977,NOEMU
2978,NOTV
2979,NOVT
2980,NPCE
2981,NPFI
2982,NRC
2983,NRDS
2984,NRES
2985,NRIM
2986,NRIX
2987,NRSN
2988,NRSNW
2989,NRXP
2990,NRXPW
2991,NSCR
2992,NSI
2993,NSIT
2994,NSPR
2995,NSSC
2996,NSTS
2997,NSYS
2998,NTAP
2999,NTCL
3000,NTCT
3001,NTES
3002,NTGR
3003,NTIC
3004,NTLA
3005,NTNX
3006,NTRA
3007,NTRB
3008,NTRBW
3009,NTRP
3010,NTRS
3011,NTRSO
3012,NTWK
3013,NTWO
3014,NTWOU
3015,NTWOW
3016,NUKK
3017,NUKKW
3018,NURO
3019,NUSB
3020,NUSI
3021,NUTX
3022,NUVL
3023,NUWE
3024,NVA
3025,NVAWW
3026,NVAX
3027,NVCR
3028,NVCT
3029,NVD
3030,NVDA
3031,NVDD
3032,NVDG
3033,NVDL
3034,NVDS
3035,NVDU
3036,NVDW
3037,NVEC
3038,NVEE
3039,NVFY
3040,NVMI
3041,NVNI
3042,NVNIW
3043,NVNO
3044,NVTS
3045,NVVE
3046,NVVEW
3047,NVX
3048,NWBI
3049,NWE
3050,NWFL
3051,NWGL
3052,NWL
3053,NWPX
3054,NWS
3055,NWSA
3056,NWTN
3057,NWTNW
3058,NXGL
3059,NXGLW
3060,NXL
3061,NXLIW
3062,NXPI
3063,NXPL
3064,NXPLW
3065,NXST
3066,NXT
3067,NXTC
3068,NXTG
3069,NXTT
3070,NXU
3071,NYAX
3072,NYMT
3073,NYMTI
3074,NYMTL
3075,NYMTM
3076,NYMTN
3077,NYMTZ
3078,NYXH
3079,NZAC
3080,NZUS
3081,OABI
3082,OABIW
3083,OACC
3084,OACCU
3085,OACCW
3086,OAKU
3087,OAKUR
3088,OAKUU
3089,OAKUW
3090,OB
3091,OBIL
3092,OBIO
3093,OBLG
3094,OBT
3095,OCC
3096,OCCI
3097,OCCIM
3098,OCCIN
3099,OCCIO
3100,OCEA
3101,OCEAW
3102,OCFC
3103,OCFCP
3104,OCG
3105,OCGN
3106,OCS
3107,OCSAW
3108,OCSL
3109,OCTA
3110,OCTO
3111,OCUL
3112,OCX
3113,ODD
3114,ODDS
3115,ODFL
3116,ODP
3117,ODVWZ
3118,OESX
3119,OFIX
3120,OFLX
3121,OFS
3122,OFSSH
3123,OGI
3124,OKTA
3125,OKUR
3126,OKYO
3127,OLB
3128,OLED
3129,OLLI
3130,OLMA
3131,OLPX
3132,OM
3133,OMAB
3134,OMCC
3135,OMCL
3136,OMER
3137,OMEX
3138,OMGA
3139,OMH
3140,OMIC
3141,ON
3142,ONB
3143,ONBPO
3144,ONBPP
3145,ONCO
3146,ONCY
3147,ONDS
3148,ONEG
3149,ONEQ
3150,ONEW
3151,ONFO
3152,ONFOW
3153,ONMD
3154,ONMDW
3155,ONVO
3156,OP
3157,OPAL
3158,OPBK
3159,OPCH
3160,OPEN
3161,OPI
3162,OPINL
3163,OPK
3164,OPOF
3165,OPRA
3166,OPRT
3167,OPRX
3168,OPT
3169,OPTN
3170,OPTX
3171,OPTXW
3172,OPTZ
3173,OPXS
3174,ORGN
3175,ORGNW
3176,ORGO
3177,ORIC
3178,ORIS
3179,ORKA
3180,ORKT
3181,ORLY
3182,ORMP
3183,ORRF
3184,OS
3185,OSBC
3186,OSIS
3187,OSPN
3188,OSS
3189,OST
3190,OSUR
3191,OSW
3192,OTEX
3193,OTLK
3194,OTLY
3195,OTRK
3196,OTTR
3197,OUST
3198,OUSTW
3199,OUSTZ
3200,OVBC
3201,OVID
3202,OVLY
3203,OXBR
3204,OXBRW
3205,OXLC
3206,OXLCI
3207,OXLCL
3208,OXLCN
3209,OXLCO
3210,OXLCP
3211,OXLCZ
3212,OXSQ
3213,OXSQG
3214,OXSQZ
3215,OZEM
3216,OZK
3217,OZKAP
3218,PAA
3219,PABD
3220,PABU
3221,PACB
3222,PAGP
3223,PAHC
3224,PAL
3225,PALI
3226,PALT
3227,PAMT
3228,PANL
3229,PANW
3230,PARA
3231,PARAA
3232,PASG
3233,PATK
3234,PATN
3235,PAVM
3236,PAVMZ
3237,PAVS
3238,PAX
3239,PAYO
3240,PAYS
3241,PAYX
3242,PBBK
3243,PBFS
3244,PBHC
3245,PBM
3246,PBMWW
3247,PBPB
3248,PBYI
3249,PC
3250,PCAR
3251,PCB
3252,PCH
3253,PCMM
3254,PCRX
3255,PCSA
3256,PCSC
3257,PCT
3258,PCTTU
3259,PCTTW
3260,PCTY
3261,PCVX
3262,PCYO
3263,PDBA
3264,PDBC
3265,PDCO
3266,PDD
3267,PDEX
3268,PDFS
3269,PDLB
3270,PDP
3271,PDSB
3272,PDYN
3273,PDYNW
3274,PEBK
3275,PEBO
3276,PECO
3277,PEGA
3278,PENG
3279,PENN
3280,PEP
3281,PEPG
3282,PEPS
3283,PERI
3284,PESI
3285,PET
3286,PETS
3287,PETWW
3288,PETZ
3289,PEV
3290,PEY
3291,PEZ
3292,PFBC
3293,PFC
3294,PFF
3295,PFG
3296,PFI
3297,PFIE
3298,PFIS
3299,PFM
3300,PFX
3301,PFXNZ
3302,PGC
3303,PGEN
3304,PGHL
3305,PGJ
3306,PGNY
3307,PGY
3308,PGYWW
3309,PHAR
3310,PHAT
3311,PHH
3312,PHIO
3313,PHLT
3314,PHO
3315,PHUN
3316,PHVS
3317,PI
3318,PID
3319,PIE
3320,PIII
3321,PIIIW
3322,PINC
3323,PIO
3324,PITA
3325,PITAW
3326,PIZ
3327,PKBK
3328,PKOH
3329,PKW
3330,PLAB
3331,PLAO
3332,PLAY
3333,PLBC
3334,PLBY
3335,PLCE
3336,PLL
3337,PLMJ
3338,PLMJU
3339,PLMJW
3340,PLMR
3341,PLPC
3342,PLRX
3343,PLRZ
3344,PLSE
3345,PLTD
3346,PLTK
3347,PLTR
3348,PLTU
3349,PLUG
3350,PLUR
3351,PLUS
3352,PLXS
3353,PLYA
3354,PMAX
3355,PMBS
3356,PMCB
3357,PMEC
3358,PMN
3359,PMTS
3360,PMVP
3361,PNBK
3362,PNFP
3363,PNFPP
3364,PNQI
3365,PNRG
3366,PNTG
3367,POAI
3368,POCI
3369,PODC
3370,PODD
3371,POET
3372,POLA
3373,POLE
3374,POLEU
3375,POLEW
3376,PONY
3377,POOL
3378,POWI
3379,POWL
3380,POWW
3381,POWWP
3382,PPBI
3383,PPBT
3384,PPC
3385,PPH
3386,PPI
3387,PPIH
3388,PPSI
3389,PPTA
3390,PPYA
3391,PPYAU
3392,PPYAW
3393,PRAA
3394,PRAX
3395,PRCH
3396,PRCT
3397,PRDO
3398,PRE
3399,PRENW
3400,PRFX
3401,PRFZ
3402,PRGS
3403,PRLD
3404,PRME
3405,PRN
3406,PROC
3407,PROCW
3408,PROF
3409,PROK
3410,PROP
3411,PROV
3412,PRPH
3413,PRPL
3414,PRPO
3415,PRQR
3416,PRSO
3417,PRTA
3418,PRTC
3419,PRTG
3420,PRTH
3421,PRTS
3422,PRVA
3423,PRZO
3424,PSC
3425,PSCC
3426,PSCD
3427,PSCE
3428,PSCF
3429,PSCH
3430,PSCI
3431,PSCM
3432,PSCT
3433,PSCU
3434,PSEC
3435,PSET
3436,PSHG
3437,PSIG
3438,PSIX
3439,PSL
3440,PSMT
3441,PSNL
3442,PSNY
3443,PSNYW
3444,PSTR
3445,PSTV
3446,PSTX
3447,PSWD
3448,PT
3449,PTC
3450,PTCT
3451,PTEC
3452,PTEN
3453,PTF
3454,PTGX
3455,PTH
3456,PTHL
3457,PTIR
3458,PTIX
3459,PTIXW
3460,PTLE
3461,PTLO
3462,PTMN
3463,PTNQ
3464,PTON
3465,PTPI
3466,PTVE
3467,PUBM
3468,PUI
3469,PULM
3470,PVBC
3471,PVLA
3472,PWM
3473,PWOD
3474,PWP
3475,PWUP
3476,PWUPU
3477,PWUPW
3478,PXI
3479,PXLW
3480,PXS
3481,PXSAW
3482,PY
3483,PYCR
3484,PYPD
3485,PYPL
3486,PYXS
3487,PYZ
3488,PZZA
3489,QABA
3490,QAT
3491,QBIG
3492,QBUF
3493,QCLN
3494,QCLR
3495,QCOM
3496,QCRH
3497,QDEL
3498,QETA
3499,QETAR
3500,QETAU
3501,QFIN
3502,QH
3503,QHDG
3504,QIPT
3505,QLGN
3506,QLYS
3507,QMCO
3508,QMID
3509,QMMM
3510,QMOM
3511,QNCX
3512,QNRX
3513,QNST
3514,QNTM
3515,QNXT
3516,QOWZ
3517,QQA
3518,QQEW
3519,QQJG
3520,QQLV
3521,QQMG
3522,QQQ
3523,QQQA
3524,QQQE
3525,QQQG
3526,QQQI
3527,QQQJ
3528,QQQM
3529,QQQP
3530,QQQS
3531,QQQT
3532,QQQW
3533,QQQX
3534,QQQY
3535,QQXT
3536,QRHC
3537,QRMI
3538,QRTEA
3539,QRTEB
3540,QRTEP
3541,QRVO
3542,QSG
3543,QSI
3544,QSIAW
3545,QSIX
3546,QSML
3547,QTEC
3548,QTI
3549,QTOP
3550,QTR
3551,QTRX
3552,QTTB
3553,QTUM
3554,QUBT
3555,QUIK
3556,QURE
3557,QVAL
3558,QXO
3559,QXQ
3560,QYLD
3561,QYLE
3562,QYLG
3563,RADX
3564,RAIL
3565,RAND
3566,RANGU
3567,RANI
3568,RAPP
3569,RAPT
3570,RARE
3571,RAVE
3572,RAY
3573,RAYA
3574,RAYS
3575,RBB
3576,RBBN
3577,RBCAA
3578,RBKB
3579,RCAT
3580,RCEL
3581,RCKT
3582,RCKTW
3583,RCKY
3584,RCMT
3585,RCON
3586,RDAC
3587,RDACR
3588,RDACU
3589,RDCM
3590,RDFN
3591,RDHL
3592,RDI
3593,RDIB
3594,RDNT
3595,RDUS
3596,RDVT
3597,RDVY
3598,RDWR
3599,RDZN
3600,RDZNW
3601,REAI
3602,REAL
3603,REAX
3604,REBN
3605,RECT
3606,REE
3607,REFI
3608,REFR
3609,REG
3610,REGCO
3611,REGCP
3612,REGN
3613,REIT
3614,REKR
3615,RELI
3616,RELIW
3617,RELL
3618,RELY
3619,RENB
3620,RENE
3621,RENEU
3622,RENEW
3623,RENT
3624,REPL
3625,RETO
3626,REVB
3627,REVBW
3628,REYN
3629,RFAC
3630,RFACR
3631,RFACU
3632,RFACW
3633,RFAI
3634,RFAIR
3635,RFAIU
3636,RFDI
3637,RFEM
3638,RFEU
3639,RFIL
3640,RGC
3641,RGCO
3642,RGEN
3643,RGF
3644,RGLD
3645,RGLS
3646,RGNX
3647,RGP
3648,RGS
3649,RGTI
3650,RGTIW
3651,RICK
3652,RIGL
3653,RILY
3654,RILYG
3655,RILYK
3656,RILYL
3657,RILYM
3658,RILYN
3659,RILYP
3660,RILYT
3661,RILYZ
3662,RIME
3663,RING
3664,RIOT
3665,RITR
3666,RIVN
3667,RKDA
3668,RKLB
3669,RLAY
3670,RLMD
3671,RLYB
3672,RMBI
3673,RMBL
3674,RMBS
3675,RMCF
3676,RMCO
3677,RMCOW
3678,RMNI
3679,RMR
3680,RMSG
3681,RMSGW
3682,RMTI
3683,RNA
3684,RNAC
3685,RNAZ
3686,RNEM
3687,RNEW
3688,RNRG
3689,RNW
3690,RNWWW
3691,RNXT
3692,ROAD
3693,ROBT
3694,ROCK
3695,ROE
3696,ROIC
3697,ROIV
3698,ROKU
3699,ROMA
3700,ROOT
3701,ROP
3702,ROST
3703,RPAY
3704,RPD
3705,RPID
3706,RPRX
3707,RPTX
3708,RR
3709,RRBI
3710,RRGB
3711,RRR
3712,RSLS
3713,RSSS
3714,RSVR
3715,RSVRW
3716,RTC
3717,RTH
3718,RUM
3719,RUMBW
3720,RUN
3721,RUNN
3722,RUSHA
3723,RUSHB
3724,RVMD
3725,RVMDW
3726,RVNC
3727,RVPH
3728,RVPHW
3729,RVSB
3730,RVSN
3731,RVSNW
3732,RVYL
3733,RWAY
3734,RWAYL
3735,RWAYZ
3736,RXRX
3737,RXST
3738,RXT
3739,RYAAY
3740,RYTM
3741,RZLT
3742,RZLV
3743,RZLVW
3744,SABR
3745,SABS
3746,SABSW
3747,SAFT
3748,SAG
3749,SAGE
3750,SAIA
3751,SAIC
3752,SAIH
3753,SAIHW
3754,SAMG
3755,SANA
3756,SANG
3757,SANM
3758,SANW
3759,SARK
3760,SASR
3761,SATL
3762,SATLW
3763,SATS
3764,SAVA
3765,SBAC
3766,SBC
3767,SBCF
3768,SBCWW
3769,SBET
3770,SBFG
3771,SBFM
3772,SBFMW
3773,SBGI
3774,SBLK
3775,SBRA
3776,SBT
3777,SBUX
3778,SCDS
3779,SCHL
3780,SCKT
3781,SCLX
3782,SCLXW
3783,SCNI
3784,SCNX
3785,SCOR
3786,SCPH
3787,SCSC
3788,SCVL
3789,SCWO
3790,SCWX
3791,SCYX
3792,SCZ
3793,SDA
3794,SDAWW
3795,SDG
3796,SDGR
3797,SDIG
3798,SDOT
3799,SDSI
3800,SDST
3801,SDSTW
3802,SDVY
3803,SEAT
3804,SEATW
3805,SEDG
3806,SEED
3807,SEEM
3808,SEER
3809,SEIC
3810,SEIE
3811,SEIS
3812,SELF
3813,SELX
3814,SENEA
3815,SENEB
3816,SEPN
3817,SERA
3818,SERV
3819,SETM
3820,SEVN
3821,SEZL
3822,SFBC
3823,SFHG
3824,SFIX
3825,SFLO
3826,SFM
3827,SFNC
3828,SFST
3829,SFWL
3830,SGA
3831,SGBX
3832,SGC
3833,SGD
3834,SGHT
3835,SGLY
3836,SGMA
3837,SGML
3838,SGMO
3839,SGMT
3840,SGRP
3841,SGRY
3842,SHBI
3843,SHC
3844,SHEN
3845,SHFS
3846,SHFSW
3847,SHIM
3848,SHIP
3849,SHLS
3850,SHLT
3851,SHMD
3852,SHMDW
3853,SHOO
3854,SHOT
3855,SHOTW
3856,SHPH
3857,SHRY
3858,SHV
3859,SHY
3860,SHYF
3861,SIBN
3862,SIDU
3863,SIEB
3864,SIFY
3865,SIGA
3866,SIGI
3867,SIGIP
3868,SILC
3869,SILO
3870,SIMA
3871,SIMAU
3872,SIMAW
3873,SIMO
3874,SINT
3875,SIRI
3876,SISI
3877,SITM
3878,SIXG
3879,SJ
3880,SJCP
3881,SJLD
3882,SJW
3883,SKGR
3884,SKGRU
3885,SKGRW
3886,SKIN
3887,SKK
3888,SKOR
3889,SKRE
3890,SKWD
3891,SKYE
3892,SKYQ
3893,SKYT
3894,SKYU
3895,SKYW
3896,SKYX
3897,SKYY
3898,SLAB
3899,SLDB
3900,SLDP
3901,SLDPW
3902,SLE
3903,SLGL
3904,SLM
3905,SLMBP
3906,SLN
3907,SLNG
3908,SLNH
3909,SLNHP
3910,SLNO
3911,SLP
3912,SLQD
3913,SLRC
3914,SLRN
3915,SLRX
3916,SLS
3917,SLVO
3918,SLXN
3919,SLXNW
3920,SMBC
3921,SMCF
3922,SMCI
3923,SMCL
3924,SMCO
3925,SMCX
3926,SMH
3927,SMHX
3928,SMID
3929,SMLR
3930,SMMT
3931,SMPL
3932,SMRI
3933,SMSI
3934,SMST
3935,SMTC
3936,SMTI
3937,SMTK
3938,SMX
3939,SMXT
3940,SMXWW
3941,SNAL
3942,SNAX
3943,SNAXW
3944,SNBR
3945,SNCR
3946,SNCRL
3947,SNCY
3948,SND
3949,SNDL
3950,SNDX
3951,SNES
3952,SNEX
3953,SNFCA
3954,SNGX
3955,SNOA
3956,SNPS
3957,SNPX
3958,SNRE
3959,SNSE
3960,SNSR
3961,SNT
3962,SNTG
3963,SNTI
3964,SNY
3965,SNYR
3966,SOBR
3967,SOCL
3968,SOFI
3969,SOGP
3970,SOHO
3971,SOHOB
3972,SOHON
3973,SOHOO
3974,SOHU
3975,SOND
3976,SONDW
3977,SONM
3978,SONN
3979,SONO
3980,SOPA
3981,SOPH
3982,SOTK
3983,SOUN
3984,SOUNW
3985,SOWG
3986,SOXM
3987,SOXQ
3988,SOXW
3989,SOXX
3990,SPAI
3991,SPAM
3992,SPAQ
3993,SPBC
3994,SPC
3995,SPCB
3996,SPCX
3997,SPFI
3998,SPGC
3999,SPHAU
4000,SPHL
4001,SPI
4002,SPKL
4003,SPKLU
4004,SPKLW
4005,SPNS
4006,SPOK
4007,SPPL
4008,SPRB
4009,SPRC
4010,SPRO
4011,SPRX
4012,SPRY
4013,SPSC
4014,SPT
4015,SPTN
4016,SPWH
4017,SPYB
4018,SPYM
4019,SPYQ
4020,SQFT
4021,SQFTP
4022,SQFTW
4023,SQLV
4024,SQQQ
4025,SRAD
4026,SRBK
4027,SRCE
4028,SRDX
4029,SRET
4030,SRM
4031,SRPT
4032,SRRK
4033,SRTS
4034,SRZN
4035,SRZNW
4036,SSBI
4037,SSBK
4038,SSKN
4039,SSNC
4040,SSP
4041,SSRM
4042,SSSS
4043,SSSSL
4044,SSTI
4045,SSYS
4046,STAA
4047,STAF
4048,STBA
4049,STBX
4050,STCN
4051,STEC
4052,STEP
4053,STFS
4054,STGW
4055,STHO
4056,STI
4057,STIM
4058,STKH
4059,STKL
4060,STKS
4061,STLD
4062,STNC
4063,STNE
4064,STOK
4065,STRA
4066,STRL
4067,STRM
4068,STRO
4069,STRR
4070,STRRP
4071,STRS
4072,STRT
4073,STSB
4074,STSS
4075,STSSW
4076,STTK
4077,STX
4078,SUGP
4079,SUNE
4080,SUNS
4081,SUPN
4082,SURG
4083,SUSB
4084,SUSC
4085,SUSL
4086,SUUN
4087,SVA
4088,SVC
4089,SVCO
4090,SVII
4091,SVIIR
4092,SVIIU
4093,SVIIW
4094,SVMH
4095,SVMHW
4096,SVRA
4097,SVRE
4098,SVREW
4099,SWAG
4100,SWAGW
4101,SWBI
4102,SWIM
4103,SWIN
4104,SWKH
4105,SWKHL
4106,SWKS
4107,SWP
4108,SWTX
4109,SWVL
4110,SWVLW
4111,SXTC
4112,SXTP
4113,SXTPW
4114,SY
4115,SYBT
4116,SYBX
4117,SYM
4118,SYNA
4119,SYPR
4120,SYRA
4121,SYRE
4122,SYRS
4123,SYT
4124,SYTA
4125,SYTAW
4126,TACT
4127,TAIT
4128,TALK
4129,TALKW
4130,TANH
4131,TAOP
4132,TARA
4133,TARK
4134,TARS
4135,TASK
4136,TATT
4137,TAVI
4138,TAVIR
4139,TAVIU
4140,TAX
4141,TAXE
4142,TAYD
4143,TBBK
4144,TBIL
4145,TBLA
4146,TBLAW
4147,TBLD
4148,TBMC
4149,TBMCR
4150,TBNK
4151,TBPH
4152,TBRG
4153,TC
4154,TCBI
4155,TCBIO
4156,TCBK
4157,TCBP
4158,TCBPW
4159,TCBS
4160,TCBX
4161,TCHI
4162,TCMD
4163,TCOM
4164,TCPC
4165,TCRT
4166,TCRX
4167,TCTM
4168,TCX
4169,TDACU
4170,TDI
4171,TDIV
4172,TDSB
4173,TDSC
4174,TDTH
4175,TDUP
4176,TEAM
4177,TECH
4178,TECTP
4179,TECX
4180,TEKX
4181,TELA
4182,TELO
4183,TEM
4184,TENB
4185,TENX
4186,TER
4187,TERN
4188,TETE
4189,TETEU
4190,TETEW
4191,TFIN
4192,TFINP
4193,TFSL
4194,TGL
4195,TGTX
4196,TH
4197,THAR
4198,THCH
4199,THFF
4200,THRD
4201,THRM
4202,THRY
4203,THTX
4204,TIGO
4205,TIGR
4206,TIL
4207,TILE
4208,TIPT
4209,TIRX
4210,TITN
4211,TIVC
4212,TKLF
4213,TKNO
4214,TLF
4215,TLN
4216,TLPH
4217,TLRY
4218,TLS
4219,TLSA
4220,TLSI
4221,TLSIW
4222,TLT
4223,TLTM
4224,TLTQ
4225,TLX
4226,TMC
4227,TMCI
4228,TMCWW
4229,TMDX
4230,TMET
4231,TMUS
4232,TNDM
4233,TNFA
4234,TNGX
4235,TNMG
4236,TNON
4237,TNONW
4238,TNXP
4239,TNYA
4240,TOI
4241,TOIIW
4242,TOMZ
4243,TOP
4244,TORO
4245,TOUR
4246,TOWN
4247,TOYO
4248,TPCS
4249,TPG
4250,TPGXL
4251,TPIC
4252,TPST
4253,TQQQ
4254,TRAW
4255,TRDA
4256,TREE
4257,TRIB
4258,TRIN
4259,TRINI
4260,TRINL
4261,TRINZ
4262,TRIP
4263,TRMB
4264,TRMD
4265,TRMK
4266,TRML
4267,TRNR
4268,TRNS
4269,TROO
4270,TROW
4271,TRS
4272,TRSG
4273,TRST
4274,TRUE
4275,TRUG
4276,TRUP
4277,TRVG
4278,TRVI
4279,TSAT
4280,TSBK
4281,TSBX
4282,TSCO
4283,TSDD
4284,TSEM
4285,TSHA
4286,TSL
4287,TSLA
4288,TSLG
4289,TSLL
4290,TSLQ
4291,TSLR
4292,TSLS
4293,TSLW
4294,TSMU
4295,TSMX
4296,TSMZ
4297,TSPY
4298,TSSI
4299,TSVT
4300,TSYY
4301,TTAN
4302,TTD
4303,TTEC
4304,TTEK
4305,TTEQ
4306,TTGT
4307,TTMI
4308,TTNP
4309,TTOO
4310,TTSH
4311,TTWO
4312,TUG
4313,TUGN
4314,TUR
4315,TURB
4316,TURN
4317,TUSK
4318,TVGN
4319,TVGNW
4320,TVTX
4321,TW
4322,TWFG
4323,TWG
4324,TWIN
4325,TWST
4326,TXG
4327,TXMD
4328,TXN
4329,TXRH
4330,TXSS
4331,TYGO
4332,TYRA
4333,TZOO
4334,TZUP
4335,UAE
4336,UAL
4337,UBCP
4338,UBFO
4339,UBND
4340,UBRL
4341,UBSI
4342,UBX
4343,UBXG
4344,UCAR
4345,UCL
4346,UCRD
4347,UCTT
4348,UCYB
4349,UDMY
4350,UEIC
4351,UEVM
4352,UFCS
4353,UFIV
4354,UFO
4355,UFPI
4356,UFPT
4357,UG
4358,UGRO
4359,UHG
4360,UHGWW
4361,UITB
4362,UIVM
4363,UK
4364,UKOMW
4365,ULBI
4366,ULCC
4367,ULH
4368,ULTA
4369,ULVM
4370,ULY
4371,UMBF
4372,UMMA
4373,UNB
4374,UNCY
4375,UNIT
4376,UNIY
4377,UNTY
4378,UOKA
4379,UONE
4380,UONEK
4381,UPB
4382,UPBD
4383,UPC
4384,UPGR
4385,UPLD
4386,UPST
4387,UPWK
4388,UPXI
4389,URBN
4390,URGN
4391,URNJ
4392,UROY
4393,USAF
4394,USAP
4395,USAU
4396,USCB
4397,USCF
4398,USCL
4399,USDX
4400,USEA
4401,USEG
4402,USFI
4403,USGO
4404,USGOW
4405,USIG
4406,USIN
4407,USIO
4408,USLM
4409,USMC
4410,USOI
4411,USOY
4412,USRD
4413,USSH
4414,USTB
4415,USVM
4416,USVN
4417,USXF
4418,UTEN
4419,UTHR
4420,UTHY
4421,UTMD
4422,UTRE
4423,UTSI
4424,UTWO
4425,UTWY
4426,UVSP
4427,UXIN
4428,UYLD
4429,VABK
4430,VACH
4431,VACHU
4432,VACHW
4433,VALN
4434,VALU
4435,VANI
4436,VBFC
4437,VBNK
4438,VBTX
4439,VC
4440,VCEL
4441,VCIC
4442,VCICU
4443,VCICW
4444,VCIG
4445,VCIT
4446,VCLT
4447,VCRB
4448,VCSA
4449,VCSH
4450,VCTR
4451,VCYT
4452,VECO
4453,VEEA
4454,VEEAW
4455,VEEE
4456,VEON
4457,VERA
4458,VERB
4459,VERI
4460,VERO
4461,VERU
4462,VERV
4463,VERX
4464,VFF
4465,VFLO
4466,VFS
4467,VFSWW
4468,VGAS
4469,VGASW
4470,VGIT
4471,VGLT
4472,VGSH
4473,VGSR
4474,VIASP
4475,VIAV
4476,VICR
4477,VIGI
4478,VIGL
4479,VINC
4480,VINP
4481,VIOT
4482,VIR
4483,VIRC
4484,VIRT
4485,VIRX
4486,VISL
4487,VITL
4488,VIVK
4489,VKTX
4490,VLCN
4491,VLGEA
4492,VLY
4493,VLYPN
4494,VLYPO
4495,VLYPP
4496,VMAR
4497,VMBS
4498,VMCA
4499,VMCAU
4500,VMCAW
4501,VMD
4502,VMEO
4503,VMOT
4504,VNDA
4505,VNET
4506,VNOM
4507,VNQI
4508,VOD
4509,VOLT
4510,VONE
4511,VONG
4512,VONV
4513,VOR
4514,VOXR
4515,VOXX
4516,VPLS
4517,VRA
4518,VRAR
4519,VRAX
4520,VRCA
4521,VRDN
4522,VREX
4523,VRIG
4524,VRME
4525,VRMEW
4526,VRNA
4527,VRNS
4528,VRNT
4529,VRPX
4530,VRRM
4531,VRSK
4532,VRSN
4533,VRTX
4534,VS
4535,VSAT
4536,VSDA
4537,VSEC
4538,VSEE
4539,VSEEW
4540,VSME
4541,VSMV
4542,VSSYW
4543,VSTA
4544,VSTE
4545,VSTEW
4546,VSTM
4547,VTC
4548,VTGN
4549,VTHR
4550,VTIP
4551,VTRS
4552,VTSI
4553,VTVT
4554,VTWG
4555,VTWO
4556,VTWV
4557,VTYX
4558,VUZI
4559,VVOS
4560,VVPR
4561,VWOB
4562,VXRT
4563,VXUS
4564,VYGR
4565,VYMI
4566,VYNE
4567,WABC
4568,WABF
4569,WAFD
4570,WAFDP
4571,WAFU
4572,WAI
4573,WALD
4574,WALDW
4575,WASH
4576,WATT
4577,WAVE
4578,WAVS
4579,WAVSU
4580,WAVSW
4581,WAY
4582,WB
4583,WBA
4584,WBD
4585,WBND
4586,WBTN
4587,WBUY
4588,WCBR
4589,WCLD
4590,WCT
4591,WDAY
4592,WDC
4593,WDFC
4594,WEEI
4595,WEN
4596,WERN
4597,WEST
4598,WETH
4599,WEYS
4600,WFCF
4601,WFRD
4602,WGMI
4603,WGS
4604,WGSWW
4605,WHF
4606,WHFCL
4607,WHLR
4608,WHLRD
4609,WHLRL
4610,WHLRP
4611,WILC
4612,WIMI
4613,WINA
4614,WINC
4615,WING
4616,WINT
4617,WINV
4618,WINVR
4619,WINVU
4620,WINVW
4621,WISA
4622,WISE
4623,WIX
4624,WKEY
4625,WKHS
4626,WKSP
4627,WLAC
4628,WLACU
4629,WLACW
4630,WLDN
4631,WLDS
4632,WLDSW
4633,WLFC
4634,WLGS
4635,WMG
4636,WMPN
4637,WNDY
4638,WNEB
4639,WNW
4640,WOK
4641,WOOD
4642,WOOF
4643,WORX
4644,WPRT
4645,WRAP
4646,WRD
4647,WRLD
4648,WRND
4649,WSBC
4650,WSBCP
4651,WSBF
4652,WSC
4653,WSFS
4654,WTBA
4655,WTBN
4656,WTFC
4657,WTFCM
4658,WTFCP
4659,WTMA
4660,WTMAR
4661,WTMAU
4662,WTO
4663,WTW
4664,WULF
4665,WVE
4666,WVVI
4667,WVVIP
4668,WW
4669,WWD
4670,WYHG
4671,WYNN
4672,XAIR
4673,XAIX
4674,XBIL
4675,XBIO
4676,XBIT
4677,XBP
4678,XBPEW
4679,XCH
4680,XCNY
4681,XCUR
4682,XEL
4683,XELB
4684,XENE
4685,XERS
4686,XFIX
4687,XFOR
4688,XGN
4689,XHG
4690,XLO
4691,XMAG
4692,XMTR
4693,XNCR
4694,XNET
4695,XOMA
4696,XOMAO
4697,XOMAP
4698,XOS
4699,XOSWW
4700,XOVR
4701,XP
4702,XPEL
4703,XPON
4704,XRAY
4705,XRTX
4706,XRX
4707,XT
4708,XTIA
4709,XTKG
4710,XTLB
4711,XWEL
4712,XXII
4713,XYLO
4714,YAAS
4715,YGMZ
4716,YHC
4717,YHGJ
4718,YHNA
4719,YHNAR
4720,YHNAU
4721,YI
4722,YIBO
4723,YJ
4724,YLDE
4725,YMAB
4726,YORW
4727,YOSH
4728,YOTA
4729,YOTAR
4730,YOTAU
4731,YOTAW
4732,YQ
4733,YQQQ
4734,YSXT
4735,YTRA
4736,YXT
4737,YY
4738,YYAI
4739,YYGH
4740,Z
4741,ZAP
4742,ZAPP
4743,ZAPPW
4744,ZAZZT
4745,ZBAI
4746,ZBAO
4747,ZBIO
4748,ZBRA
4749,ZBZZT
4750,ZCAR
4751,ZCARW
4752,ZCMD
4753,ZCZZT
4754,ZD
4755,ZENA
4756,ZENV
4757,ZEO
4758,ZEOWW
4759,ZEUS
4760,ZG
4761,ZI
4762,ZIMV
4763,ZION
4764,ZIONP
4765,ZJK
4766,ZJYL
4767,ZJZZT
4768,ZKIN
4769,ZLAB
4770,ZM
4771,ZNTL
4772,ZOOZ
4773,ZOOZW
4774,ZS
4775,ZSPC
4776,ZTEK
4777,ZTEN
4778,ZTRE
4779,ZTWO
4780,ZUMZ
4781,ZURA
4782,ZVRA
4783,ZVSA
4784,ZVZZT
4785,ZWZZT
4786,ZXYZ.A
4787,ZXZZT
4788,ZYME
4789,ZYXI
4790,ZZZ
4791,A
4792,AA
4793,AACT
4794,AACT.U
4795,AACT.W
4796,AAM
4797,AAM.U
4798,AAM.W
4799,AAMI
4800,AAP
4801,AAT
4802,AB
4803,ABBV
4804,ABCB
4805,ABEV
4806,ABG
4807,ABM
4808,ABR
4809,ABR$D
4810,ABR$E
4811,ABR$F
4812,ABT
4813,AC
4814,ACA
4815,ACCO
4816,ACEL
4817,ACHR
4818,ACHR.W
4819,ACI
4820,ACLO
4821,ACM
4822,ACN
4823,ACP
4824,ACP$A
4825,ACR
4826,ACR$C
4827,ACR$D
4828,ACRE
4829,ACV
4830,ADC
4831,ADC$A
4832,ADCT
4833,ADM
4834,ADNT
4835,ADT
4836,ADX
4837,AEE
4838,AEFC
4839,AEG
4840,AEM
4841,AEO
4842,AER
4843,AES
4844,AESI
4845,AEVA
4846,AEVA.W
4847,AFB
4848,AFG
4849,AFGB
4850,AFGC
4851,AFGD
4852,AFGE
4853,AFL
4854,AG
4855,AGCO
4856,AGD
4857,AGI
4858,AGL
4859,AGM
4860,AGM$D
4861,AGM$E
4862,AGM$F
4863,AGM$G
4864,AGM.A
4865,AGO
4866,AGRO
4867,AGS
4868,AGX
4869,AHH
4870,AHH$A
4871,AHL$D
4872,AHL$E
4873,AHL$F
4874,AHR
4875,AHT
4876,AHT$D
4877,AHT$F
4878,AHT$G
4879,AHT$H
4880,AHT$I
4881,AI
4882,AIFD
4883,AIG
4884,AIN
4885,AIO
4886,AIR
4887,AIT
4888,AIV
4889,AIZ
4890,AIZN
4891,AJG
4892,AKA
4893,AKO.A
4894,AKO.B
4895,AKR
4896,AL
4897,ALB
4898,ALB$A
4899,ALC
4900,ALE
4901,ALEX
4902,ALG
4903,ALIT
4904,ALK
4905,ALL
4906,ALL$B
4907,ALL$H
4908,ALL$I
4909,ALL$J
4910,ALLE
4911,ALLY
4912,ALSN
4913,ALTG
4914,ALTG$A
4915,ALTM
4916,ALUR
4917,ALUR.W
4918,ALV
4919,ALX
4920,AM
4921,AMBC
4922,AMBP
4923,AMBP.W
4924,AMC
4925,AMCR
4926,AME
4927,AMG
4928,AMH
4929,AMH$G
4930,AMH$H
4931,AMN
4932,AMP
4933,AMPS
4934,AMPX
4935,AMPX.W
4936,AMPY
4937,AMR
4938,AMRC
4939,AMT
4940,AMTB
4941,AMTD
4942,AMTM
4943,AMWL
4944,AMX
4945,AN
4946,ANET
4947,ANF
4948,ANG$A
4949,ANG$B
4950,ANRO
4951,ANVS
4952,AOD
4953,AOMN
4954,AOMR
4955,AON
4956,AORT
4957,AOS
4958,AP
4959,APAM
4960,APD
4961,APG
4962,APH
4963,APLE
4964,APO
4965,APO$A
4966,APOS
4967,APTV
4968,AQN
4969,AQNB
4970,AR
4971,ARCO
4972,ARDC
4973,ARDT
4974,ARE
4975,ARES
4976,ARES$B
4977,ARGD
4978,ARGO$A
4979,ARI
4980,ARIS
4981,ARL
4982,ARLO
4983,ARMK
4984,AROC
4985,ARR
4986,ARR$C
4987,ARW
4988,AS
4989,ASA
4990,ASAN
4991,ASB
4992,ASB$E
4993,ASB$F
4994,ASBA
4995,ASC
4996,ASG
4997,ASGI
4998,ASGN
4999,ASH
5000,ASIX
5001,ASPN
5002,ASR
5003,ASX
5004,ATCO$D
5005,ATCO$H
5006,ATEN
5007,ATGE
5008,ATH$A
5009,ATH$B
5010,ATH$C
5011,ATH$D
5012,ATH$E
5013,ATHM
5014,ATHS
5015,ATI
5016,ATKR
5017,ATMU
5018,ATO
5019,ATR
5020,ATS
5021,ATUS
5022,AU
5023,AUB
5024,AUB$A
5025,AUNA
5026,AVA
5027,AVAL
5028,AVB
5029,AVD
5030,AVK
5031,AVNS
5032,AVNT
5033,AVTR
5034,AVY
5035,AWF
5036,AWI
5037,AWK
5038,AWP
5039,AWR
5040,AX
5041,AXL
5042,AXP
5043,AXR
5044,AXS
5045,AXS$E
5046,AXTA
5047,AYI
5048,AZEK
5049,AZO
5050,AZUL
5051,AZZ
5052,B
5053,BA
5054,BA$A
5055,BABA
5056,BAC
5057,BAC$B
5058,BAC$E
5059,BAC$K
5060,BAC$L
5061,BAC$M
5062,BAC$N
5063,BAC$O
5064,BAC$P
5065,BAC$Q
5066,BAC$S
5067,BAH
5068,BAK
5069,BALL
5070,BALY
5071,BALY.T
5072,BAM
5073,BANC
5074,BANC$F
5075,BAP
5076,BARK
5077,BARK.W
5078,BAX
5079,BB
5080,BBAI
5081,BBAI.W
5082,BBAR
5083,BBD
5084,BBDC
5085,BBDO
5086,BBN
5087,BBU
5088,BBUC
5089,BBVA
5090,BBW
5091,BBWI
5092,BBY
5093,BC
5094,BC$A
5095,BC$B
5096,BC$C
5097,BCAT
5098,BCC
5099,BCE
5100,BCH
5101,BCO
5102,BCS
5103,BCSF
5104,BCX
5105,BDC
5106,BDJ
5107,BDN
5108,BDX
5109,BE
5110,BEDU
5111,BEKE
5112,BEN
5113,BEP
5114,BEP$A
5115,BEPC
5116,BEPH
5117,BEPI
5118,BEPJ
5119,BERY
5120,BEST
5121,BF.A
5122,BF.B
5123,BFAM
5124,BFH
5125,BFK
5126,BFLY
5127,BFLY.W
5128,BFS
5129,BFS$D
5130,BFS$E
5131,BFZ
5132,BG
5133,BGB
5134,BGH
5135,BGR
5136,BGS
5137,BGSF
5138,BGT
5139,BGX
5140,BGY
5141,BH
5142,BH.A
5143,BHC
5144,BHE
5145,BHK
5146,BHLB
5147,BHP
5148,BHR
5149,BHR$B
5150,BHR$D
5151,BHV
5152,BHVN
5153,BIGZ
5154,BILL
5155,BIO
5156,BIO.B
5157,BIP
5158,BIP$A
5159,BIP$B
5160,BIPC
5161,BIPH
5162,BIPI
5163,BIPJ
5164,BIRK
5165,BIT
5166,BJ
5167,BK
5168,BKD
5169,BKDT
5170,BKE
5171,BKH
5172,BKKT
5173,BKKT.W
5174,BKN
5175,BKSY
5176,BKSY.W
5177,BKT
5178,BKU
5179,BKV
5180,BLCO
5181,BLD
5182,BLDR
5183,BLE
5184,BLK
5185,BLND
5186,BLW
5187,BLX
5188,BMA
5189,BME
5190,BMEZ
5191,BMI
5192,BML$G
5193,BML$H
5194,BML$J
5195,BML$L
5196,BMN
5197,BMO
5198,BMY
5199,BN
5200,BNED
5201,BNH
5202,BNJ
5203,BNL
5204,BNS
5205,BNT
5206,BNY
5207,BOC
5208,BODI
5209,BOE
5210,BOH
5211,BOH$A
5212,BOH$B
5213,BOND
5214,BOOT
5215,BORR
5216,BOW
5217,BOX
5218,BP
5219,BPT
5220,BR
5221,BRBR
5222,BRC
5223,BRCC
5224,BRDG
5225,BRFS
5226,BRK.A
5227,BRK.B
5228,BRO
5229,BROS
5230,BRSP
5231,BRT
5232,BRW
5233,BRX
5234,BSAC
5235,BSBR
5236,BSL
5237,BSM
5238,BST
5239,BSTZ
5240,BSX
5241,BTA
5242,BTCM
5243,BTE
5244,BTI
5245,BTO
5246,BTT
5247,BTU
5248,BTZ
5249,BUD
5250,BUI
5251,BUR
5252,BURL
5253,BUXX
5254,BV
5255,BVN
5256,BW
5257,BW$A
5258,BWA
5259,BWG
5260,BWLP
5261,BWMX
5262,BWNB
5263,BWSN
5264,BWXT
5265,BX
5266,BXC
5267,BXMT
5268,BXMX
5269,BXP
5270,BXSL
5271,BY
5272,BYD
5273,BYM
5274,BYON
5275,BZH
5276,C
5277,C$N
5278,CAAP
5279,CABO
5280,CACI
5281,CADE
5282,CADE$A
5283,CAE
5284,CAF
5285,CAG
5286,CAH
5287,CAL
5288,CALX
5289,CANG
5290,CAPL
5291,CARR
5292,CARS
5293,CAT
5294,CATO
5295,CAVA
5296,CB
5297,CBAN
5298,CBL
5299,CBNA
5300,CBRE
5301,CBT
5302,CBU
5303,CBZ
5304,CC
5305,CCI
5306,CCIA
5307,CCIF
5308,CCJ
5309,CCK
5310,CCL
5311,CCM
5312,CCO
5313,CCRD
5314,CCS
5315,CCU
5316,CCZ
5317,CDE
5318,CDLR
5319,CDP
5320,CDR$B
5321,CDR$C
5322,CDRE
5323,CE
5324,CEE
5325,CEIX
5326,CELG.R
5327,CEPU
5328,CF
5329,CFG
5330,CFG$E
5331,CFG$H
5332,CFR
5333,CFR$B
5334,CGAU
5335,CGV
5336,CHCT
5337,CHD
5338,CHE
5339,CHGG
5340,CHH
5341,CHMI
5342,CHMI$A
5343,CHMI$B
5344,CHN
5345,CHPT
5346,CHT
5347,CHWY
5348,CI
5349,CIA
5350,CIB
5351,CICB
5352,CIEN
5353,CIF
5354,CIG
5355,CIG.C
5356,CII
5357,CIM
5358,CIM$A
5359,CIM$B
5360,CIM$C
5361,CIM$D
5362,CIMN
5363,CIMO
5364,CINT
5365,CIO
5366,CIO$A
5367,CION
5368,CIVI
5369,CL
5370,CLB
5371,CLBR
5372,CLBR.U
5373,CLBR.W
5374,CLCO
5375,CLDT
5376,CLDT$A
5377,CLF
5378,CLH
5379,CLPR
5380,CLS
5381,CLVT
5382,CLW
5383,CLX
5384,CM
5385,CMA
5386,CMBT
5387,CMC
5388,CMCM
5389,CMG
5390,CMI
5391,CMP
5392,CMRE
5393,CMRE$B
5394,CMRE$C
5395,CMRE$D
5396,CMS
5397,CMS$B
5398,CMS$C
5399,CMSA
5400,CMSC
5401,CMSD
5402,CMTG
5403,CMU
5404,CNA
5405,CNC
5406,CNF
5407,CNH
5408,CNI
5409,CNK
5410,CNM
5411,CNMD
5412,CNNE
5413,CNO
5414,CNO$A
5415,CNP
5416,CNQ
5417,CNS
5418,CNX
5419,CODI
5420,CODI$A
5421,CODI$B
5422,CODI$C
5423,COF
5424,COF$I
5425,COF$J
5426,COF$K
5427,COF$L
5428,COF$N
5429,COHR
5430,COLD
5431,COMP
5432,CON
5433,COOK
5434,COP
5435,COR
5436,COTY
5437,COUR
5438,CP
5439,CPA
5440,CPAC
5441,CPAI
5442,CPAY
5443,CPF
5444,CPK
5445,CPNG
5446,CPRI
5447,CPS
5448,CPT
5449,CQP
5450,CR
5451,CRBD
5452,CRBG
5453,CRC
5454,CRD.A
5455,CRD.B
5456,CRGY
5457,CRH
5458,CRI
5459,CRK
5460,CRL
5461,CRM
5462,CRS
5463,CRT
5464,CSAN
5465,CSL
5466,CSR
5467,CSTM
5468,CSV
5469,CTA$A
5470,CTA$B
5471,CTBB
5472,CTDD
5473,CTO
5474,CTO$A
5475,CTOS
5476,CTRA
5477,CTRE
5478,CTRI
5479,CTS
5480,CTV
5481,CTV.W
5482,CTVA
5483,CUBB
5484,CUBE
5485,CUBI
5486,CUBI$E
5487,CUBI$F
5488,CUK
5489,CULP
5490,CURB
5491,CURV
5492,CUZ
5493,CVE
5494,CVE.W
5495,CVEO
5496,CVI
5497,CVLG
5498,CVNA
5499,CVS
5500,CVX
5501,CW
5502,CWAN
5503,CWEN
5504,CWEN.A
5505,CWH
5506,CWK
5507,CWT
5508,CX
5509,CXE
5510,CXH
5511,CXM
5512,CXT
5513,CXW
5514,CYD
5515,CYH
5516,D
5517,DAC
5518,DAL
5519,DAN
5520,DAO
5521,DAR
5522,DAVA
5523,DAY
5524,DB
5525,DBD
5526,DBI
5527,DBL
5528,DBRG
5529,DBRG$H
5530,DBRG$I
5531,DBRG$J
5532,DCI
5533,DCO
5534,DD
5535,DDD
5536,DDL
5537,DDS
5538,DDT
5539,DE
5540,DEA
5541,DEC
5542,DECK
5543,DEI
5544,DELL
5545,DEO
5546,DESP
5547,DFH
5548,DFIN
5549,DFP
5550,DFS
5551,DG
5552,DGX
5553,DHF
5554,DHI
5555,DHR
5556,DHT
5557,DHX
5558,DIAX
5559,DIN
5560,DINO
5561,DIS
5562,DIVY
5563,DK
5564,DKL
5565,DKS
5566,DLB
5567,DLNG
5568,DLNG$A
5569,DLNG$B
5570,DLR
5571,DLR$J
5572,DLR$K
5573,DLR$L
5574,DLX
5575,DLY
5576,DM
5577,DMA
5578,DMB
5579,DMO
5580,DNA
5581,DNB
5582,DNOW
5583,DNP
5584,DOC
5585,DOCN
5586,DOCS
5587,DOLE
5588,DOUG
5589,DOV
5590,DOW
5591,DPG
5592,DQ
5593,DRD
5594,DRH
5595,DRH$A
5596,DRI
5597,DRLL
5598,DSL
5599,DSM
5600,DSMC
5601,DSTX
5602,DSU
5603,DSX
5604,DSX$B
5605,DSX.W
5606,DT
5607,DTB
5608,DTC
5609,DTE
5610,DTF
5611,DTG
5612,DTM
5613,DTW
5614,DUK
5615,DUK$A
5616,DUKB
5617,DV
5618,DVA
5619,DVN
5620,DX
5621,DX$C
5622,DXC
5623,DXYZ
5624,DY
5625,E
5626,EAF
5627,EAI
5628,EARN
5629,EAT
5630,EB
5631,EBF
5632,EBR
5633,EBR.B
5634,EBS
5635,EC
5636,ECAT
5637,ECC
5638,ECC$D
5639,ECCC
5640,ECCF
5641,ECCU
5642,ECCV
5643,ECCW
5644,ECCX
5645,ECG
5646,ECL
5647,ECO
5648,ECVT
5649,ED
5650,EDD
5651,EDF
5652,EDN
5653,EDR
5654,EDU
5655,EE
5656,EEA
5657,EEX
5658,EFC
5659,EFC$A
5660,EFC$B
5661,EFC$C
5662,EFC$D
5663,EFR
5664,EFT
5665,EFX
5666,EFXT
5667,EG
5668,EGF
5669,EGO
5670,EGP
5671,EGY
5672,EHAB
5673,EHC
5674,EHI
5675,EIC
5676,EICA
5677,EICB
5678,EICC
5679,EIG
5680,EIIA
5681,EIX
5682,EL
5683,ELAN
5684,ELC
5685,ELF
5686,ELME
5687,ELP
5688,ELPC
5689,ELS
5690,ELV
5691,EMD
5692,EME
5693,EMF
5694,EMN
5695,EMO
5696,EMP
5697,EMR
5698,ENB
5699,ENFN
5700,ENFY
5701,ENIC
5702,ENJ
5703,ENLC
5704,ENO
5705,ENOV
5706,ENR
5707,ENS
5708,ENVA
5709,ENZ
5710,EOD
5711,EOG
5712,EOI
5713,EOS
5714,EOT
5715,EP$C
5716,EPAC
5717,EPAM
5718,EPC
5719,EPD
5720,EPR
5721,EPR$C
5722,EPR$E
5723,EPR$G
5724,EPRT
5725,EQBK
5726,EQC
5727,EQH
5728,EQH$A
5729,EQH$C
5730,EQNR
5731,EQR
5732,EQS
5733,EQT
5734,EQV
5735,EQV.U
5736,EQV.W
5737,ERJ
5738,ERO
5739,ES
5740,ESAB
5741,ESE
5742,ESI
5743,ESNT
5744,ESRT
5745,ESS
5746,ESTC
5747,ET
5748,ET$I
5749,ETB
5750,ETD
5751,ETG
5752,ETI$
5753,ETJ
5754,ETN
5755,ETO
5756,ETR
5757,ETV
5758,ETW
5759,ETWO
5760,ETWO.W
5761,ETX
5762,ETY
5763,EVC
5764,EVEX
5765,EVEX.W
5766,EVF
5767,EVG
5768,EVH
5769,EVN
5770,EVR
5771,EVRI
5772,EVT
5773,EVTC
5774,EVTL
5775,EVTR
5776,EW
5777,EXG
5778,EXK
5779,EXP
5780,EXPD
5781,EXR
5782,F
5783,F$B
5784,F$C
5785,F$D
5786,FAF
5787,FBIN
5788,FBK
5789,FBMS
5790,FBP
5791,FBRT
5792,FBRT$E
5793,FC
5794,FCF
5795,FCN
5796,FCPT
5797,FCRX
5798,FCT
5799,FCX
5800,FDP
5801,FDS
5802,FDX
5803,FE
5804,FEDU
5805,FENG
5806,FERG
5807,FET
5808,FF
5809,FFA
5810,FFC
5811,FFWM
5812,FG
5813,FGB
5814,FGN
5815,FHI
5816,FHN
5817,FHN$B
5818,FHN$C
5819,FHN$E
5820,FHN$F
5821,FI
5822,FICO
5823,FIGS
5824,FIHL
5825,FINS
5826,FINV
5827,FIS
5828,FIX
5829,FL
5830,FLC
5831,FLG
5832,FLG$A
5833,FLG$U
5834,FLNG
5835,FLO
5836,FLR
5837,FLS
5838,FLUT
5839,FLXR
5840,FMC
5841,FMN
5842,FMS
5843,FMX
5844,FMY
5845,FN
5846,FNA
5847,FNB
5848,FND
5849,FNF
5850,FNV
5851,FOA
5852,FOF
5853,FOR
5854,FOUR
5855,FPF
5856,FPH
5857,FPI
5858,FR
5859,FRA
5860,FREY
5861,FREY.W
5862,FRGE
5863,FRO
5864,FRT
5865,FRT$C
5866,FSCO
5867,FSK
5868,FSLY
5869,FSM
5870,FSS
5871,FT
5872,FTHY
5873,FTI
5874,FTK
5875,FTS
5876,FTV
5877,FTWO
5878,FUBO
5879,FUL
5880,FUN
5881,FVR
5882,FVRR
5883,FXED
5884,G
5885,GAB
5886,GAB$G
5887,GAB$H
5888,GAB$K
5889,GAM
5890,GAM$B
5891,GAP
5892,GATO
5893,GATX
5894,GB
5895,GB.W
5896,GBAB
5897,GBCI
5898,GBLI
5899,GBTG
5900,GBX
5901,GCI
5902,GCO
5903,GCTS
5904,GCTS.W
5905,GCV
5906,GD
5907,GDDY
5908,GDIV
5909,GDL
5910,GDL$C
5911,GDO
5912,GDOT
5913,GDV
5914,GDV$H
5915,GDV$K
5916,GE
5917,GEF
5918,GEF.B
5919,GEL
5920,GENI
5921,GEO
5922,GES
5923,GETY
5924,GEV
5925,GF
5926,GFF
5927,GFI
5928,GFL
5929,GFR
5930,GGB
5931,GGG
5932,GGT
5933,GGT$E
5934,GGT$G
5935,GGZ
5936,GHC
5937,GHG
5938,GHI
5939,GHLD
5940,GHM
5941,GHY
5942,GIB
5943,GIC
5944,GIL
5945,GIS
5946,GJH
5947,GJO
5948,GJP
5949,GJR
5950,GJS
5951,GJT
5952,GKOS
5953,GL
5954,GL$D
5955,GLOB
5956,GLOP$A
5957,GLOP$B
5958,GLOP$C
5959,GLP
5960,GLP$B
5961,GLW
5962,GM
5963,GME
5964,GMED
5965,GMRE
5966,GMRE$A
5967,GMS
5968,GNE
5969,GNK
5970,GNL
5971,GNL$A
5972,GNL$B
5973,GNL$D
5974,GNL$E
5975,GNRC
5976,GNT
5977,GNT$A
5978,GNTY
5979,GNW
5980,GOF
5981,GOLD
5982,GOLF
5983,GOOS
5984,GOTU
5985,GPC
5986,GPI
5987,GPJA
5988,GPK
5989,GPMT
5990,GPMT$A
5991,GPN
5992,GPOR
5993,GPRK
5994,GRBK
5995,GRBK$A
5996,GRC
5997,GRDN
5998,GRMN
5999,GRND
6000,GRND.W
6001,GRNT
6002,GROV
6003,GRP.U
6004,GRW
6005,GRX
6006,GS
6007,GS$A
6008,GS$C
6009,GS$D
6010,GSBD
6011,GSK
6012,GSL
6013,GSL$B
6014,GTES
6015,GTLS
6016,GTLS$B
6017,GTN
6018,GTN.A
6019,GTY
6020,GUG
6021,GUT
6022,GUT$C
6023,GVA
6024,GWH
6025,GWH.W
6026,GWRE
6027,GWW
6028,GXO
6029,GYLD
6030,H
6031,HAE
6032,HAFN
6033,HAL
6034,HASI
6035,HAYW
6036,HBB
6037,HBI
6038,HBM
6039,HBTC
6040,HCA
6041,HCC
6042,HCI
6043,HCXY
6044,HD
6045,HDB
6046,HE
6047,HEI
6048,HEI.A
6049,HEQ
6050,HES
6051,HESM
6052,HF
6053,HFRO
6054,HFRO$A
6055,HG
6056,HGER
6057,HGLB
6058,HGTY
6059,HGV
6060,HHH
6061,HI
6062,HIG
6063,HIG$G
6064,HII
6065,HIMS
6066,HIO
6067,HIPO
6068,HIW
6069,HIX
6070,HKD
6071,HL
6072,HL$B
6073,HLF
6074,HLI
6075,HLIO
6076,HLLY
6077,HLLY.W
6078,HLN
6079,HLT
6080,HLX
6081,HMC
6082,HMN
6083,HMY
6084,HNI
6085,HOG
6086,HOMB
6087,HOUS
6088,HOV
6089,HP
6090,HPE
6091,HPE$C
6092,HPF
6093,HPI
6094,HPP
6095,HPP$C
6096,HPQ
6097,HPS
6098,HQH
6099,HQL
6100,HR
6101,HRB
6102,HRI
6103,HRL
6104,HRTG
6105,HSBC
6106,HSHP
6107,HSY
6108,HTD
6109,HTFB
6110,HTFC
6111,HTGC
6112,HTH
6113,HUBB
6114,HUBS
6115,HUM
6116,HUN
6117,HUYA
6118,HVT
6119,HVT.A
6120,HWM
6121,HXL
6122,HY
6123,HYAC
6124,HYAC.U
6125,HYAC.W
6126,HYB
6127,HYBX
6128,HYI
6129,HYT
6130,HYTR
6131,HZO
6132,IAE
6133,IAG
6134,IBM
6135,IBN
6136,IBP
6137,IBTA
6138,ICE
6139,ICL
6140,ICR$A
6141,IDA
6142,IDE
6143,IDT
6144,IEX
6145,IFF
6146,IFN
6147,IFS
6148,IGA
6149,IGCB
6150,IGD
6151,IGI
6152,IGR
6153,IGT
6154,IH
6155,IHD
6156,IHG
6157,IHS
6158,IIF
6159,IIIN
6160,IIM
6161,IIPR
6162,IIPR$A
6163,IMAX
6164,INFA
6165,INFY
6166,ING
6167,INGM
6168,INGR
6169,INN
6170,INN$E
6171,INN$F
6172,INSI
6173,INSP
6174,INSW
6175,INVH
6176,INVX
6177,IONQ
6178,IONQ.W
6179,IOT
6180,IP
6181,IPB
6182,IPG
6183,IPI
6184,IQI
6185,IQV
6186,IR
6187,IRM
6188,IRS
6189,IRS.W
6190,IRT
6191,ISD
6192,IT
6193,ITGR
6194,ITT
6195,ITUB
6196,ITW
6197,IVR
6198,IVR$C
6199,IVT
6200,IVZ
6201,IX
6202,J
6203,JACS.U
6204,JBGS
6205,JBI
6206,JBK
6207,JBL
6208,JBND
6209,JBTM
6210,JCE
6211,JCI
6212,JEF
6213,JELD
6214,JEQ
6215,JFR
6216,JGH
6217,JHG
6218,JHI
6219,JHS
6220,JHX
6221,JILL
6222,JKS
6223,JLL
6224,JLS
6225,JMIA
6226,JMM
6227,JNJ
6228,JNPR
6229,JOBY
6230,JOBY.W
6231,JOE
6232,JOF
6233,JPC
6234,JPI
6235,JPM
6236,JPM$C
6237,JPM$D
6238,JPM$J
6239,JPM$K
6240,JPM$L
6241,JPM$M
6242,JQC
6243,JRI
6244,JRS
6245,JWN
6246,JXN
6247,JXN$A
6248,K
6249,KAI
6250,KAR
6251,KB
6252,KBDC
6253,KBH
6254,KBR
6255,KD
6256,KEN
6257,KEP
6258,KEX
6259,KEY
6260,KEY$I
6261,KEY$J
6262,KEY$K
6263,KEY$L
6264,KEYS
6265,KF
6266,KFRC
6267,KFS
6268,KFY
6269,KGC
6270,KGS
6271,KIM
6272,KIM$L
6273,KIM$M
6274,KIM$N
6275,KIND
6276,KIO
6277,KKR
6278,KKRS
6279,KLC
6280,KLG
6281,KMB
6282,KMI
6283,KMPB
6284,KMPR
6285,KMT
6286,KMX
6287,KN
6288,KNF
6289,KNOP
6290,KNSL
6291,KNTK
6292,KNX
6293,KO
6294,KODK
6295,KOF
6296,KOP
6297,KORE
6298,KOS
6299,KR
6300,KRC
6301,KREF
6302,KREF$A
6303,KRG
6304,KRO
6305,KRP
6306,KSS
6307,KT
6308,KTB
6309,KTF
6310,KTH
6311,KTN
6312,KUKE
6313,KVUE
6314,KVYO
6315,KW
6316,KWR
6317,KYN
6318,L
6319,LAAC
6320,LAC
6321,LAD
6322,LADR
6323,LANV
6324,LANV.W
6325,LAW
6326,LAZ
6327,LB
6328,LBRT
6329,LC
6330,LCII
6331,LDI
6332,LDOS
6333,LDP
6334,LEA
6335,LEG
6336,LEN
6337,LEN.B
6338,LEO
6339,LEVI
6340,LFT
6341,LFT$A
6342,LGF.A
6343,LGF.B
6344,LGI
6345,LH
6346,LHX
6347,LICY
6348,LII
6349,LITB
6350,LLY
6351,LMND
6352,LMT
6353,LNC
6354,LNC$D
6355,LND
6356,LNG
6357,LNN
6358,LOAR
6359,LOB
6360,LOCL
6361,LOMA
6362,LOW
6363,LPG
6364,LPL
6365,LPX
6366,LRN
6367,LSPD
6368,LTC
6369,LTH
6370,LTM
6371,LU
6372,LUCK
6373,LUMN
6374,LUV
6375,LVS
6376,LVWR
6377,LVWR.W
6378,LW
6379,LXFR
6380,LXP
6381,LXP$C
6382,LXU
6383,LYB
6384,LYG
6385,LYV
6386,LZB
6387,LZM
6388,LZM.W
6389,M
6390,MA
6391,MAA
6392,MAA$I
6393,MAC
6394,MAGN
6395,MAIN
6396,MAN
6397,MANU
6398,MAS
6399,MATV
6400,MATX
6401,MAV
6402,MAX
6403,MBC
6404,MBI
6405,MC
6406,MCB
6407,MCD
6408,MCI
6409,MCK
6410,MCN
6411,MCO
6412,MCR
6413,MCS
6414,MCY
6415,MD
6416,MDST
6417,MDT
6418,MDU
6419,MDV
6420,MDV$A
6421,MEC
6422,MED
6423,MEG
6424,MEGI
6425,MEI
6426,MER$K
6427,MET
6428,MET$A
6429,MET$E
6430,MET$F
6431,MFA
6432,MFA$B
6433,MFA$C
6434,MFAN
6435,MFAO
6436,MFC
6437,MFG
6438,MFM
6439,MFSB
6440,MFSG
6441,MFSI
6442,MFSM
6443,MFSV
6444,MG
6445,MGA
6446,MGF
6447,MGM
6448,MGR
6449,MGRB
6450,MGRD
6451,MGRE
6452,MGY
6453,MHD
6454,MHF
6455,MHI
6456,MHK
6457,MHLA
6458,MHN
6459,MHNC
6460,MHO
6461,MIN
6462,MIO
6463,MIR
6464,MITN
6465,MITP
6466,MITT
6467,MITT$A
6468,MITT$B
6469,MITT$C
6470,MIY
6471,MKC
6472,MKC.V
6473,MKFG
6474,MKL
6475,ML
6476,ML.W
6477,MLI
6478,MLM
6479,MLNK
6480,MLP
6481,MLR
6482,MMC
6483,MMD
6484,MMI
6485,MMKT
6486,MMM
6487,MMS
6488,MMT
6489,MMU
6490,MNR
6491,MNSO
6492,MO
6493,MOD
6494,MODG
6495,MOG.A
6496,MOG.B
6497,MOGU
6498,MOH
6499,MOS
6500,MOV
6501,MP
6502,MPA
6503,MPC
6504,MPLN
6505,MPLX
6506,MPV
6507,MPW
6508,MPX
6509,MQT
6510,MQY
6511,MRC
6512,MRK
6513,MS
6514,MS$A
6515,MS$E
6516,MS$F
6517,MS$I
6518,MS$K
6519,MS$L
6520,MS$O
6521,MS$P
6522,MS$Q
6523,MSA
6524,MSB
6525,MSC
6526,MSCI
6527,MSD
6528,MSDL
6529,MSGE
6530,MSGS
6531,MSI
6532,MSM
6533,MT
6534,MTAL
6535,MTB
6536,MTB$H
6537,MTB$J
6538,MTD
6539,MTDR
6540,MTG
6541,MTH
6542,MTN
6543,MTR
6544,MTRN
6545,MTUS
6546,MTW
6547,MTX
6548,MTZ
6549,MUA
6550,MUC
6551,MUE
6552,MUFG
6553,MUI
6554,MUJ
6555,MUR
6556,MUSA
6557,MUSE
6558,MUX
6559,MVF
6560,MVO
6561,MVT
6562,MWA
6563,MX
6564,MXE
6565,MXF
6566,MYD
6567,MYE
6568,MYI
6569,MYN
6570,MYTE
6571,NABL
6572,NAC
6573,NAD
6574,NAN
6575,NAT
6576,NATL
6577,NAZ
6578,NBB
6579,NBHC
6580,NBR
6581,NBXG
6582,NC
6583,NCA
6584,NCDL
6585,NCLH
6586,NCV
6587,NCV$A
6588,NCZ
6589,NCZ$A
6590,NDMO
6591,NE
6592,NE.A
6593,NE.W
6594,NEA
6595,NEE
6596,NEE$N
6597,NEE$R
6598,NEE$S
6599,NEE$T
6600,NEM
6601,NEP
6602,NET
6603,NETZ
6604,NEU
6605,NEUE
6606,NEXA
6607,NFG
6608,NFJ
6609,NGG
6610,NGL
6611,NGL$B
6612,NGL$C
6613,NGS
6614,NGVC
6615,NGVT
6616,NHI
6617,NI
6618,NIC
6619,NIE
6620,NIM
6621,NINE
6622,NIO
6623,NJR
6624,NKE
6625,NKX
6626,NL
6627,NLOP
6628,NLY
6629,NLY$F
6630,NLY$G
6631,NLY$I
6632,NMAI
6633,NMCO
6634,NMG
6635,NMI
6636,NMM
6637,NMR
6638,NMS
6639,NMT
6640,NMZ
6641,NNI
6642,NNN
6643,NNY
6644,NOA
6645,NOAH
6646,NOC
6647,NOG
6648,NOK
6649,NOM
6650,NOMD
6651,NOTE
6652,NOTE.W
6653,NOV
6654,NOVA
6655,NOW
6656,NPCT
6657,NPFD
6658,NPK
6659,NPKI
6660,NPO
6661,NPV
6662,NPWR
6663,NPWR.W
6664,NQP
6665,NRDY
6666,NREF
6667,NREF$A
6668,NRG
6669,NRGV
6670,NRK
6671,NRP
6672,NRT
6673,NRUC
6674,NSA
6675,NSA$A
6676,NSA$B
6677,NSC
6678,NSP
6679,NTB
6680,NTR
6681,NTST
6682,NTZ
6683,NU
6684,NUE
6685,NUS
6686,NUV
6687,NUVB
6688,NUVB.W
6689,NUW
6690,NVG
6691,NVGS
6692,NVO
6693,NVR
6694,NVRI
6695,NVRO
6696,NVS
6697,NVST
6698,NVT
6699,NWG
6700,NWN
6701,NX
6702,NXC
6703,NXDT
6704,NXDT$A
6705,NXE
6706,NXG
6707,NXJ
6708,NXN
6709,NXP
6710,NXRT
6711,NYC
6712,NYT
6713,NZF
6714,O
6715,OAK$A
6716,OAK$B
6717,OBDC
6718,OBK
6719,OC
6720,OCFT
6721,ODC
6722,ODV
6723,OEC
6724,OFG
6725,OGE
6726,OGN
6727,OGS
6728,OHI
6729,OI
6730,OIA
6731,OII
6732,OIS
6733,OKE
6734,OKLO
6735,OLN
6736,OLO
6737,OLP
6738,OMC
6739,OMF
6740,OMI
6741,ONIT
6742,ONL
6743,ONON
6744,ONTF
6745,ONTO
6746,OOMA
6747,OPAD
6748,OPFI
6749,OPFI.W
6750,OPP
6751,OPP$A
6752,OPP$B
6753,OPY
6754,OR
6755,ORA
6756,ORC
6757,ORCL
6758,ORI
6759,ORN
6760,OSCR
6761,OSK
6762,OTIS
6763,OUT
6764,OVV
6765,OWL
6766,OWLT
6767,OXM
6768,OXY
6769,OXY.W
6770,PAAS
6771,PAC
6772,PACK
6773,PACS
6774,PAG
6775,PAGS
6776,PAI
6777,PAM
6778,PAR
6779,PARR
6780,PATH
6781,PAXS
6782,PAY
6783,PAYC
6784,PB
6785,PBA
6786,PBF
6787,PBH
6788,PBI
6789,PBI$B
6790,PBR
6791,PBR.A
6792,PBT
6793,PCF
6794,PCG
6795,PCG$X
6796,PCK
6797,PCM
6798,PCN
6799,PCOR
6800,PCQ
6801,PD
6802,PDCC
6803,PDI
6804,PDM
6805,PDO
6806,PDPA
6807,PDS
6808,PDT
6809,PDX
6810,PEB
6811,PEB$E
6812,PEB$F
6813,PEB$G
6814,PEB$H
6815,PEG
6816,PEN
6817,PEO
6818,PERF
6819,PERF.W
6820,PFD
6821,PFE
6822,PFGC
6823,PFH
6824,PFL
6825,PFLT
6826,PFN
6827,PFO
6828,PFS
6829,PFSI
6830,PG
6831,PGP
6832,PGR
6833,PGRE
6834,PGZ
6835,PH
6836,PHD
6837,PHG
6838,PHI
6839,PHIN
6840,PHK
6841,PHM
6842,PHR
6843,PHT
6844,PHX
6845,PII
6846,PIM
6847,PINE
6848,PINS
6849,PIPR
6850,PJT
6851,PK
6852,PKE
6853,PKG
6854,PKST
6855,PKX
6856,PL
6857,PL.W
6858,PLD
6859,PLNT
6860,PLOW
6861,PLYM
6862,PM
6863,PMF
6864,PML
6865,PMM
6866,PMO
6867,PMT
6868,PMT$A
6869,PMT$B
6870,PMT$C
6871,PMTU
6872,PMX
6873,PNC
6874,PNF
6875,PNI
6876,PNNT
6877,PNR
6878,PNST
6879,PNW
6880,POR
6881,POST
6882,PPG
6883,PPL
6884,PPT
6885,PR
6886,PRA
6887,PRCS
6888,PRG
6889,PRGO
6890,PRH
6891,PRI
6892,PRIF$D
6893,PRIF$F
6894,PRIF$H
6895,PRIF$I
6896,PRIF$J
6897,PRIF$K
6898,PRIF$L
6899,PRIM
6900,PRKS
6901,PRLB
6902,PRM
6903,PRMB
6904,PRO
6905,PRS
6906,PRSU
6907,PRT
6908,PRU
6909,PRVS
6910,PSA
6911,PSA$F
6912,PSA$G
6913,PSA$H
6914,PSA$I
6915,PSA$J
6916,PSA$K
6917,PSA$L
6918,PSA$M
6919,PSA$N
6920,PSA$O
6921,PSA$P
6922,PSA$Q
6923,PSA$R
6924,PSA$S
6925,PSBD
6926,PSEC$A
6927,PSF
6928,PSFE
6929,PSFE.W
6930,PSN
6931,PSO
6932,PSQH
6933,PSQH.W
6934,PSTG
6935,PSTL
6936,PSX
6937,PTA
6938,PTY
6939,PUK
6940,PUMP
6941,PVH
6942,PVL
6943,PWR
6944,PX
6945,PYN
6946,PYT
6947,PZC
6948,QBTS
6949,QBTS.W
6950,QD
6951,QGEN
6952,QS
6953,QSR
6954,QTWO
6955,QUAD
6956,QVCC
6957,QVCD
6958,R
6959,RA
6960,RACE
6961,RAMP
6962,RBA
6963,RBC
6964,RBLX
6965,RBOT
6966,RBOT.W
6967,RBRK
6968,RC
6969,RC$C
6970,RC$E
6971,RCB
6972,RCC
6973,RCD
6974,RCI
6975,RCL
6976,RCS
6977,RCUS
6978,RDDT
6979,RDN
6980,RDW
6981,RDW.W
6982,RDY
6983,RELX
6984,RERE
6985,RES
6986,REVG
6987,REX
6988,REXR
6989,REXR$B
6990,REXR$C
6991,REZI
6992,RF
6993,RF$C
6994,RF$E
6995,RF$F
6996,RFI
6997,RFL
6998,RFM
6999,RFMZ
7000,RGA
7001,RGR
7002,RGT
7003,RH
7004,RHI
7005,RHP
7006,RIG
7007,RIO
7008,RITM
7009,RITM$A
7010,RITM$B
7011,RITM$C
7012,RITM$D
7013,RIV
7014,RIV$A
7015,RJF
7016,RJF$B
7017,RKT
7018,RL
7019,RLI
7020,RLJ
7021,RLJ$A
7022,RLTY
7023,RLX
7024,RM
7025,RMAX
7026,RMD
7027,RMI
7028,RMM
7029,RMMZ
7030,RMT
7031,RNG
7032,RNGR
7033,RNP
7034,RNR
7035,RNR$F
7036,RNR$G
7037,RNST
7038,ROG
7039,ROK
7040,ROL
7041,RPM
7042,RPT
7043,RQI
7044,RRC
7045,RRX
7046,RS
7047,RSF
7048,RSG
7049,RSI
7050,RSKD
7051,RTO
7052,RTX
7053,RVLV
7054,RVT
7055,RVTY
7056,RWT
7057,RWT$A
7058,RWTN
7059,RWTO
7060,RXO
7061,RY
7062,RYAM
7063,RYAN
7064,RYI
7065,RYN
7066,RZB
7067,RZC
7068,S
7069,SA
7070,SABA
7071,SAFE
7072,SAH
7073,SAJ
7074,SAM
7075,SAN
7076,SAND
7077,SAP
7078,SAR
7079,SARO
7080,SAT
7081,SAY
7082,SAZ
7083,SB
7084,SB$C
7085,SB$D
7086,SBBA
7087,SBH
7088,SBI
7089,SBR
7090,SBS
7091,SBSI
7092,SBSW
7093,SBXD
7094,SBXD.U
7095,SBXD.W
7096,SCCO
7097,SCD
7098,SCE$G
7099,SCE$J
7100,SCE$K
7101,SCE$L
7102,SCE$M
7103,SCE$N
7104,SCHW
7105,SCHW$D
7106,SCHW$J
7107,SCI
7108,SCL
7109,SCM
7110,SCS
7111,SD
7112,SDHC
7113,SDHY
7114,SDRL
7115,SE
7116,SEAL$A
7117,SEAL$B
7118,SEE
7119,SEI
7120,SEM
7121,SEMR
7122,SES
7123,SES.W
7124,SF
7125,SF$B
7126,SF$C
7127,SF$D
7128,SFB
7129,SFBS
7130,SFL
7131,SG
7132,SGHC
7133,SGU
7134,SHAK
7135,SHCO
7136,SHEL
7137,SHG
7138,SHO
7139,SHO$H
7140,SHO$I
7141,SHOC
7142,SHOP
7143,SHW
7144,SID
7145,SIG
7146,SII
7147,SILA
7148,SITC
7149,SITE
7150,SJM
7151,SJT
7152,SKE
7153,SKIL
7154,SKLZ
7155,SKM
7156,SKT
7157,SKX
7158,SKY
7159,SLB
7160,SLF
7161,SLG
7162,SLG$I
7163,SLGN
7164,SLNZ
7165,SLQT
7166,SLVM
7167,SM
7168,SMAR
7169,SMBK
7170,SMC
7171,SMFG
7172,SMG
7173,SMHI
7174,SMP
7175,SMR
7176,SMRT
7177,SMWB
7178,SN
7179,SNA
7180,SNAP
7181,SNDA
7182,SNDR
7183,SNN
7184,SNOW
7185,SNV
7186,SNV$D
7187,SNV$E
7188,SNX
7189,SO
7190,SOBO
7191,SOC
7192,SOJC
7193,SOJD
7194,SOJE
7195,SOL
7196,SOLV
7197,SON
7198,SONY
7199,SOR
7200,SOS
7201,SPB
7202,SPCE
7203,SPE
7204,SPE$C
7205,SPG
7206,SPG$J
7207,SPGI
7208,SPH
7209,SPHR
7210,SPIR
7211,SPLP
7212,SPLP$A
7213,SPMA
7214,SPMC
7215,SPNT
7216,SPNT$B
7217,SPOT
7218,SPR
7219,SPRU
7220,SPXC
7221,SPXX
7222,SQ
7223,SQM
7224,SQNS
7225,SR
7226,SR$A
7227,SRE
7228,SREA
7229,SRFM
7230,SRG
7231,SRG$A
7232,SRI
7233,SRL
7234,SRV
7235,SSB
7236,SSD
7237,SSL
7238,SST
7239,SST.W
7240,SSTK
7241,ST
7242,STAG
7243,STC
7244,STE
7245,STEL
7246,STEM
7247,STEW
7248,STG
7249,STK
7250,STLA
7251,STM
7252,STN
7253,STNG
7254,STR
7255,STRV
7256,STT
7257,STT$G
7258,STVN
7259,STWD
7260,STXD
7261,STXE
7262,STXG
7263,STXI
7264,STXK
7265,STXM
7266,STXT
7267,STXV
7268,STZ
7269,SU
7270,SUI
7271,SUM
7272,SUN
7273,SUP
7274,SUPP
7275,SUPV
7276,SUZ
7277,SVV
7278,SW
7279,SWI
7280,SWK
7281,SWX
7282,SWZ
7283,SXC
7284,SXI
7285,SXT
7286,SYF
7287,SYF$A
7288,SYF$B
7289,SYK
7290,SYY
7291,T
7292,T$A
7293,T$C
7294,TAC
7295,TAK
7296,TAL
7297,TALO
7298,TAP
7299,TAP.A
7300,TBB
7301,TBBB
7302,TBI
7303,TBN
7304,TCI
7305,TD
7306,TDC
7307,TDF
7308,TDG
7309,TDOC
7310,TDS
7311,TDS$U
7312,TDS$V
7313,TDW
7314,TDY
7315,TEAF
7316,TECK
7317,TEF
7318,TEI
7319,TEL
7320,TEN
7321,TEN$E
7322,TEN$F
7323,TEO
7324,TEVA
7325,TEX
7326,TFC
7327,TFC$I
7328,TFC$O
7329,TFC$R
7330,TFII
7331,TFPM
7332,TFSA
7333,TFX
7334,TG
7335,TGI
7336,TGLS
7337,TGNA
7338,TGS
7339,TGT
7340,THC
7341,THG
7342,THIR
7343,THLV
7344,THO
7345,THQ
7346,THR
7347,THS
7348,THW
7349,TIMB
7350,TISI
7351,TIXT
7352,TJX
7353,TK
7354,TKC
7355,TKO
7356,TKR
7357,TLK
7358,TLYS
7359,TM
7360,TME
7361,TMHC
7362,TMO
7363,TNC
7364,TNET
7365,TNK
7366,TNL
7367,TOL
7368,TOST
7369,TPB
7370,TPC
7371,TPH
7372,TPL
7373,TPR
7374,TPTA
7375,TPVG
7376,TPX
7377,TPZ
7378,TR
7379,TRAK
7380,TRC
7381,TREX
7382,TRGP
7383,TRI
7384,TRN
7385,TRNO
7386,TROX
7387,TRP
7388,TRTN$A
7389,TRTN$B
7390,TRTN$C
7391,TRTN$D
7392,TRTN$E
7393,TRTX
7394,TRTX$C
7395,TRU
7396,TRV
7397,TS
7398,TSE
7399,TSI
7400,TSLX
7401,TSM
7402,TSN
7403,TSQ
7404,TT
7405,TTC
7406,TTE
7407,TTI
7408,TU
7409,TUYA
7410,TV
7411,TVC
7412,TVE
7413,TWI
7414,TWLO
7415,TWN
7416,TWO
7417,TWO$A
7418,TWO$B
7419,TWO$C
7420,TX
7421,TXNM
7422,TXO
7423,TXT
7424,TY
7425,TY$
7426,TYG
7427,TYL
7428,U
7429,UA
7430,UAA
7431,UAN
7432,UBER
7433,UBS
7434,UCB
7435,UCB$I
7436,UDR
7437,UE
7438,UFI
7439,UGI
7440,UGP
7441,UHAL
7442,UHAL.B
7443,UHS
7444,UHT
7445,UI
7446,UIS
7447,UL
7448,ULS
7449,UMC
7450,UMH
7451,UMH$D
7452,UNF
7453,UNFI
7454,UNH
7455,UNM
7456,UNMA
7457,UNP
7458,UP
7459,UPS
7460,URI
7461,USA
7462,USAC
7463,USB
7464,USB$A
7465,USB$H
7466,USB$P
7467,USB$Q
7468,USB$R
7469,USB$S
7470,USFD
7471,USM
7472,USNA
7473,USPH
7474,UTF
7475,UTI
7476,UTL
7477,UTZ
7478,UVE
7479,UVV
7480,UWMC
7481,UWMC.W
7482,UZD
7483,UZE
7484,UZF
7485,V
7486,VAC
7487,VAL
7488,VAL.W
7489,VALE
7490,VATE
7491,VBF
7492,VCV
7493,VEEV
7494,VEL
7495,VET
7496,VFC
7497,VGI
7498,VGM
7499,VHC
7500,VHI
7501,VICI
7502,VIK
7503,VIPS
7504,VIST
7505,VIV
7506,VKQ
7507,VLN
7508,VLN.W
7509,VLO
7510,VLRS
7511,VLT
7512,VLTO
7513,VMC
7514,VMI
7515,VMO
7516,VNCE
7517,VNO
7518,VNO$L
7519,VNO$M
7520,VNO$N
7521,VNO$O
7522,VNT
7523,VOC
7524,VOTE
7525,VOYA
7526,VOYA$B
7527,VPG
7528,VPV
7529,VRE
7530,VRN
7531,VRT
7532,VRTS
7533,VSCO
7534,VSH
7535,VST
7536,VSTS
7537,VTEX
7538,VTLE
7539,VTMX
7540,VTN
7541,VTOL
7542,VTR
7543,VTS
7544,VVR
7545,VVV
7546,VVX
7547,VYX
7548,VZ
7549,W
7550,WAB
7551,WAL
7552,WAL$A
7553,WAT
7554,WBS
7555,WBS$F
7556,WBS$G
7557,WBX
7558,WBX.W
7559,WCC
7560,WCC$A
7561,WCN
7562,WD
7563,WDH
7564,WDI
7565,WDS
7566,WEA
7567,WEAV
7568,WEC
7569,WELL
7570,WES
7571,WEX
7572,WF
7573,WFC
7574,WFC$A
7575,WFC$C
7576,WFC$D
7577,WFC$L
7578,WFC$Y
7579,WFC$Z
7580,WFG
7581,WGO
7582,WH
7583,WHD
7584,WHG
7585,WHR
7586,WIA
7587,WINN
7588,WIT
7589,WIW
7590,WK
7591,WKC
7592,WLK
7593,WLKP
7594,WLTG
7595,WLY
7596,WLYB
7597,WM
7598,WMB
7599,WMK
7600,WMS
7601,WMT
7602,WNC
7603,WNS
7604,WOLF
7605,WOR
7606,WOW
7607,WPC
7608,WPM
7609,WPP
7610,WRB
7611,WRB$E
7612,WRB$F
7613,WRB$G
7614,WRB$H
7615,WRBY
7616,WS
7617,WSM
7618,WSO
7619,WSO.B
7620,WSR
7621,WST
7622,WT
7623,WTI
7624,WTM
7625,WTRG
7626,WTS
7627,WTTR
7628,WU
7629,WWW
7630,WY
7631,X
7632,XFLT
7633,XFLT$A
7634,XHR
7635,XIN
7636,XOM
7637,XPER
7638,XPEV
7639,XPO
7640,XPOF
7641,XPRO
7642,XYF
7643,XYL
7644,YALA
7645,YELP
7646,YETI
7647,YEXT
7648,YMM
7649,YOU
7650,YPF
7651,YRD
7652,YSG
7653,YUM
7654,YUMC
7655,ZBH
7656,ZEPP
7657,ZETA
7658,ZGN
7659,ZH
7660,ZIM
7661,ZIP
7662,ZK
7663,ZKH
7664,ZTO
7665,ZTR
7666,ZTS
7667,ZUO
7668,ZVIA
7669,ZWS
